"ID_0","ISO","NAME_0","ID_1","NAME_1","ID_2","NAME_2","CLEA_CST","CLEA_CST_N","PRIO_GID","PRIO_XCOORD","PRIO_YCOORD","PRIO_COL","PRIO_ROW","TID","YEAR","YRMO","WID","DATE","POP_1990","POP_1995","POP_2000","ELEV_MEAN","ELEV_SD","ELEV_MAX","OPEN_TERRAIN","FOREST","WETLAND","FARMLAND","GREG_NGROUPS","GREG_GROUPS","WLMS_NLANG","WLMS_LANGS","NBUILTUP","BUILTUP","NPETRO","PETRO","DIST2PROVCAP","ROAD_XING","ROAD_LENGTH","AREA_KM2","ROAD_DENSITY","TEMP","RAIN","INITIATOR_SIDEA","INITIATOR_SIDEB","INITIATOR_SIDEC","INITIATOR_SIDED","TARGET_SIDEA","TARGET_SIDEB","TARGET_SIDEC","TARGET_SIDED","DYAD_A_A","DYAD_A_B","DYAD_A_C","DYAD_A_D","DYAD_B_A","DYAD_B_B","DYAD_B_C","DYAD_B_D","DYAD_C_A","DYAD_C_B","DYAD_C_C","DYAD_C_D","DYAD_D_A","DYAD_D_B","DYAD_D_C","DYAD_D_D","ACTION_ANY","ACTION_IND","ACTION_DIR","ACTION_PRT","SIDEA_ANY","SIDEA_IND","SIDEA_DIR","SIDEA_PRT","SIDEB_ANY","SIDEB_IND","SIDEB_DIR","SIDEB_PRT","SIDEC_ANY","SIDEC_IND","SIDEC_DIR","SIDEC_PRT","SIDED_ANY","SIDED_IND","SIDED_DIR","SIDED_PRT"
111,"ISR","Israel",1,"Golan",,,,,,,,,,,"1995",,,,32.8431369670923,38.6469514266304,43.3918876647949,682,309.680076853517,1208,0.966937354988399,0.0330626450116009,0,0,3,"Circassians, Jews of Israel, Syria Arabs",5,"ARABIC, LEVANTINE BEDAWI SPOKEN, ARABIC, NAJDI SPOKEN, ARABIC, NORTH LEVANTINE SPOKEN, ARABIC, SOUTH LEVANTINE SPOKEN, HEBREW",1,"Al Qunaytirah",0,"",14.3169680928904,1,1.41953311165045,1474.01337989264,0.000963039502228835,17.6041668454806,35.3749998733401,0,0,0,0,0,0,0,0,0,0,0,0,0,0,0,0,0,0,0,0,0,0,0,0,0,0,0,0,0,0,0,0,0,0,0,0,0,0,0,0,0,0,0,0
111,"ISR","Israel",1,"Golan",,,,,,,,,,,"1996",,,,32.8431369670923,38.6469514266304,43.3918876647949,682,309.680076853517,1208,0.966937354988399,0.0330626450116009,0,0,3,"Circassians, Jews of Israel, Syria Arabs",5,"ARABIC, LEVANTINE BEDAWI SPOKEN, ARABIC, NAJDI SPOKEN, ARABIC, NORTH LEVANTINE SPOKEN, ARABIC, SOUTH LEVANTINE SPOKEN, HEBREW",1,"Al Qunaytirah",0,"",14.3169680928904,1,1.41953311165045,1474.01337989264,0.000963039502228835,18.0791667501132,48.814999140799,0,0,0,0,0,0,0,0,0,0,0,0,0,0,0,0,0,0,0,0,0,0,0,0,0,0,0,0,0,0,0,0,0,0,0,0,0,0,0,0,0,0,0,0
111,"ISR","Israel",1,"Golan",,,,,,,,,,,"1997",,,,32.8431369670923,38.6469514266304,43.3918876647949,682,309.680076853517,1208,0.966937354988399,0.0330626450116009,0,0,3,"Circassians, Jews of Israel, Syria Arabs",5,"ARABIC, LEVANTINE BEDAWI SPOKEN, ARABIC, NAJDI SPOKEN, ARABIC, NORTH LEVANTINE SPOKEN, ARABIC, SOUTH LEVANTINE SPOKEN, HEBREW",1,"Al Qunaytirah",0,"",14.3169680928904,1,1.41953311165045,1474.01337989264,0.000963039502228835,17.2999998529752,62.6249993192032,0,0,0,0,0,0,0,0,0,0,0,0,0,0,0,0,0,0,0,0,0,0,0,0,0,0,0,0,0,0,0,0,0,0,0,0,0,0,0,0,0,0,0,0
111,"ISR","Israel",1,"Golan",,,,,,,,,,,"1998",,,,32.8431369670923,38.6469514266304,43.3918876647949,682,309.680076853517,1208,0.966937354988399,0.0330626450116009,0,0,3,"Circassians, Jews of Israel, Syria Arabs",5,"ARABIC, LEVANTINE BEDAWI SPOKEN, ARABIC, NAJDI SPOKEN, ARABIC, NORTH LEVANTINE SPOKEN, ARABIC, SOUTH LEVANTINE SPOKEN, HEBREW",1,"Al Qunaytirah",0,"",14.3169680928904,1,1.41953311165045,1474.01337989264,0.000963039502228835,18.4875000317891,47.8649995196611,0,0,0,0,0,0,0,0,0,0,0,0,0,0,0,0,0,0,0,0,0,0,0,0,0,0,0,0,0,0,0,0,0,0,0,0,0,0,0,0,0,0,0,0
111,"ISR","Israel",1,"Golan",,,,,,,,,,,"1999",,,,32.8431369670923,38.6469514266304,43.3918876647949,682,309.680076853517,1208,0.966937354988399,0.0330626450116009,0,0,3,"Circassians, Jews of Israel, Syria Arabs",5,"ARABIC, LEVANTINE BEDAWI SPOKEN, ARABIC, NAJDI SPOKEN, ARABIC, NORTH LEVANTINE SPOKEN, ARABIC, SOUTH LEVANTINE SPOKEN, HEBREW",1,"Al Qunaytirah",0,"",14.3169680928904,1,1.41953311165045,1474.01337989264,0.000963039502228835,18.4166666269302,32.9849994145334,0,0,0,0,0,0,0,0,0,0,0,0,0,0,0,0,0,0,0,0,0,0,0,0,0,0,0,0,0,0,0,0,0,0,0,0,0,0,0,0,0,0,0,0
111,"ISR","Israel",1,"Golan",,,,,,,,,,,"2000",,,,32.8431369670923,38.6469514266304,43.3918876647949,682,309.680076853517,1208,0.966937354988399,0.0330626450116009,0,0,3,"Circassians, Jews of Israel, Syria Arabs",5,"ARABIC, LEVANTINE BEDAWI SPOKEN, ARABIC, NAJDI SPOKEN, ARABIC, NORTH LEVANTINE SPOKEN, ARABIC, SOUTH LEVANTINE SPOKEN, HEBREW",1,"Al Qunaytirah",0,"",14.3169680928904,1,1.41953311165045,1474.01337989264,0.000963039502228835,17.7333333094915,56.1799995051697,0,0,0,0,0,0,0,0,0,0,0,0,0,0,0,0,0,0,0,0,0,0,0,0,0,0,0,0,0,0,0,0,0,0,0,0,0,0,0,0,0,0,0,0
111,"ISR","Israel",1,"Golan",,,,,,,,,,,"2001",,,,32.8431369670923,38.6469514266304,43.3918876647949,682,309.680076853517,1208,0.966937354988399,0.0330626450116009,0,0,3,"Circassians, Jews of Israel, Syria Arabs",5,"ARABIC, LEVANTINE BEDAWI SPOKEN, ARABIC, NAJDI SPOKEN, ARABIC, NORTH LEVANTINE SPOKEN, ARABIC, SOUTH LEVANTINE SPOKEN, HEBREW",1,"Al Qunaytirah",0,"",14.3169680928904,1,1.41953311165045,1474.01337989264,0.000963039502228835,18.5124999682109,46.7250003637746,0,0,0,0,0,0,0,0,0,0,0,0,0,0,0,0,0,0,0,0,0,0,0,0,0,0,0,0,0,0,0,0,0,0,0,0,0,0,0,0,0,0,0,0
111,"ISR","Israel",1,"Golan",,,,,,,,,,,"2002",,,,32.8431369670923,38.6469514266304,43.3918876647949,682,309.680076853517,1208,0.966937354988399,0.0330626450116009,0,0,3,"Circassians, Jews of Israel, Syria Arabs",5,"ARABIC, LEVANTINE BEDAWI SPOKEN, ARABIC, NAJDI SPOKEN, ARABIC, NORTH LEVANTINE SPOKEN, ARABIC, SOUTH LEVANTINE SPOKEN, HEBREW",1,"Al Qunaytirah",0,"",14.3169680928904,1,1.41953311165045,1474.01337989264,0.000963039502228835,18.0874998966853,65.5300014605746,0,0,0,0,0,0,0,0,0,0,0,0,0,0,0,0,0,0,0,0,0,0,0,0,0,0,0,0,0,0,0,0,0,0,0,0,0,0,0,0,0,0,0,0
111,"ISR","Israel",1,"Golan",,,,,,,,,,,"2003",,,,32.8431369670923,38.6469514266304,43.3918876647949,682,309.680076853517,1208,0.966937354988399,0.0330626450116009,0,0,3,"Circassians, Jews of Israel, Syria Arabs",5,"ARABIC, LEVANTINE BEDAWI SPOKEN, ARABIC, NAJDI SPOKEN, ARABIC, NORTH LEVANTINE SPOKEN, ARABIC, SOUTH LEVANTINE SPOKEN, HEBREW",1,"Al Qunaytirah",0,"",14.3169680928904,1,1.41953311165045,1474.01337989264,0.000963039502228835,17.8999999960264,73.5999987497926,0,0,0,0,0,0,0,0,0,0,0,0,0,0,0,0,0,0,0,0,0,0,0,0,0,0,0,0,0,0,0,0,0,0,0,0,0,0,0,0,0,0,0,0
111,"ISR","Israel",1,"Golan",,,,,,,,,,,"2004",,,,32.8431369670923,38.6469514266304,43.3918876647949,682,309.680076853517,1208,0.966937354988399,0.0330626450116009,0,0,3,"Circassians, Jews of Israel, Syria Arabs",5,"ARABIC, LEVANTINE BEDAWI SPOKEN, ARABIC, NAJDI SPOKEN, ARABIC, NORTH LEVANTINE SPOKEN, ARABIC, SOUTH LEVANTINE SPOKEN, HEBREW",1,"Al Qunaytirah",0,"",14.3169680928904,1,1.41953311165045,1474.01337989264,0.000963039502228835,17.9124999642372,56.7350008217618,0,0,0,0,0,0,0,0,0,0,0,0,0,0,0,0,0,0,0,0,0,0,0,0,0,0,0,0,0,0,0,0,0,0,0,0,0,0,0,0,0,0,0,0
111,"ISR","Israel",1,"Golan",,,,,,,,,,,"2005",,,,32.8431369670923,38.6469514266304,43.3918876647949,682,309.680076853517,1208,0.966937354988399,0.0330626450116009,0,0,3,"Circassians, Jews of Israel, Syria Arabs",5,"ARABIC, LEVANTINE BEDAWI SPOKEN, ARABIC, NAJDI SPOKEN, ARABIC, NORTH LEVANTINE SPOKEN, ARABIC, SOUTH LEVANTINE SPOKEN, HEBREW",1,"Al Qunaytirah",0,"",14.3169680928904,1,1.41953311165045,1474.01337989264,0.000963039502228835,17.7999999324481,51.9800004577264,0,0,0,0,0,0,0,0,0,0,0,0,0,0,0,0,0,0,0,0,0,0,0,0,0,0,0,0,0,0,0,0,0,0,0,0,0,0,0,0,0,0,0,0
111,"ISR","Israel",1,"Golan",,,,,,,,,,,"2006",,,,32.8431369670923,38.6469514266304,43.3918876647949,682,309.680076853517,1208,0.966937354988399,0.0330626450116009,0,0,3,"Circassians, Jews of Israel, Syria Arabs",5,"ARABIC, LEVANTINE BEDAWI SPOKEN, ARABIC, NAJDI SPOKEN, ARABIC, NORTH LEVANTINE SPOKEN, ARABIC, SOUTH LEVANTINE SPOKEN, HEBREW",1,"Al Qunaytirah",0,"",14.3169680928904,1,1.41953311165045,1474.01337989264,0.000963039502228835,17.6499999562899,48.1849999595433,0,0,0,0,0,0,0,0,0,0,0,0,0,0,0,0,0,0,0,0,0,0,0,0,0,0,0,0,0,0,0,0,0,0,0,0,0,0,0,0,0,0,0,0
111,"ISR","Israel",1,"Golan",,,,,,,,,,,"2007",,,,32.8431369670923,38.6469514266304,43.3918876647949,682,309.680076853517,1208,0.966937354988399,0.0330626450116009,0,0,3,"Circassians, Jews of Israel, Syria Arabs",5,"ARABIC, LEVANTINE BEDAWI SPOKEN, ARABIC, NAJDI SPOKEN, ARABIC, NORTH LEVANTINE SPOKEN, ARABIC, SOUTH LEVANTINE SPOKEN, HEBREW",1,"Al Qunaytirah",0,"",14.3169680928904,1,1.41953311165045,1474.01337989264,0.000963039502228835,18.2166667580605,51.1249996107072,0,0,0,0,0,0,0,0,0,0,0,0,0,0,0,0,0,0,0,0,0,0,0,0,0,0,0,0,0,0,0,0,0,0,0,0,0,0,0,0,0,0,0,0
111,"ISR","Israel",1,"Golan",,,,,,,,,,,"2008",,,,32.8431369670923,38.6469514266304,43.3918876647949,682,309.680076853517,1208,0.966937354988399,0.0330626450116009,0,0,3,"Circassians, Jews of Israel, Syria Arabs",5,"ARABIC, LEVANTINE BEDAWI SPOKEN, ARABIC, NAJDI SPOKEN, ARABIC, NORTH LEVANTINE SPOKEN, ARABIC, SOUTH LEVANTINE SPOKEN, HEBREW",1,"Al Qunaytirah",0,"",14.3169680928904,1,1.41953311165045,1474.01337989264,0.000963039502228835,18.5208332339923,40.5600000182167,0,0,0,0,0,0,0,0,0,0,0,0,0,0,0,0,0,0,0,0,0,0,0,0,0,0,0,0,0,0,0,0,0,0,0,0,0,0,0,0,0,0,0,0
111,"ISR","Israel",1,"Golan",,,,,,,,,,,"2009",,,,32.8431369670923,38.6469514266304,43.3918876647949,682,309.680076853517,1208,0.966937354988399,0.0330626450116009,0,0,3,"Circassians, Jews of Israel, Syria Arabs",5,"ARABIC, LEVANTINE BEDAWI SPOKEN, ARABIC, NAJDI SPOKEN, ARABIC, NORTH LEVANTINE SPOKEN, ARABIC, SOUTH LEVANTINE SPOKEN, HEBREW",1,"Al Qunaytirah",0,"",14.3169680928904,1,1.41953311165045,1474.01337989264,0.000963039502228835,18.3375000357628,65.234999852255,0,0,0,0,0,0,0,0,0,0,0,0,0,0,0,0,0,0,0,0,0,0,0,0,0,0,0,0,0,0,0,0,0,0,0,0,0,0,0,0,0,0,0,0
111,"ISR","Israel",1,"Golan",,,,,,,,,,,"2010",,,,32.8431369670923,38.6469514266304,43.3918876647949,682,309.680076853517,1208,0.966937354988399,0.0330626450116009,0,0,3,"Circassians, Jews of Israel, Syria Arabs",5,"ARABIC, LEVANTINE BEDAWI SPOKEN, ARABIC, NAJDI SPOKEN, ARABIC, NORTH LEVANTINE SPOKEN, ARABIC, SOUTH LEVANTINE SPOKEN, HEBREW",1,"Al Qunaytirah",0,"",14.3169680928904,1,1.41953311165045,1474.01337989264,0.000963039502228835,19.9041665395101,44.8199999285862,0,0,0,0,0,0,0,0,0,0,0,0,0,0,0,0,0,0,0,0,0,0,0,0,0,0,0,0,0,0,0,0,0,0,0,0,0,0,0,0,0,0,0,0
111,"ISR","Israel",1,"Golan",,,,,,,,,,,"2011",,,,32.8431369670923,38.6469514266304,43.3918876647949,682,309.680076853517,1208,0.966937354988399,0.0330626450116009,0,0,3,"Circassians, Jews of Israel, Syria Arabs",5,"ARABIC, LEVANTINE BEDAWI SPOKEN, ARABIC, NAJDI SPOKEN, ARABIC, NORTH LEVANTINE SPOKEN, ARABIC, SOUTH LEVANTINE SPOKEN, HEBREW",1,"Al Qunaytirah",0,"",14.3169680928904,1,1.41953311165045,1474.01337989264,0.000963039502228835,17.4458331664403,55.0550007373095,0,0,0,0,0,0,0,0,0,0,0,0,0,0,0,0,0,0,0,0,0,0,0,0,0,0,0,0,0,0,0,0,0,0,0,0,0,0,0,0,0,0,0,0
111,"ISR","Israel",1,"Golan",,,,,,,,,,,"2012",,,,32.8431369670923,38.6469514266304,43.3918876647949,682,309.680076853517,1208,0.966937354988399,0.0330626450116009,0,0,3,"Circassians, Jews of Israel, Syria Arabs",5,"ARABIC, LEVANTINE BEDAWI SPOKEN, ARABIC, NAJDI SPOKEN, ARABIC, NORTH LEVANTINE SPOKEN, ARABIC, SOUTH LEVANTINE SPOKEN, HEBREW",1,"Al Qunaytirah",0,"",14.3169680928904,1,1.41953311165045,1474.01337989264,0.000963039502228835,18.4291665951411,66.4499997291714,0,0,0,0,0,0,0,0,0,0,0,0,0,0,0,0,0,0,0,0,0,0,0,0,0,0,0,0,0,0,0,0,0,0,0,0,0,0,0,0,0,0,0,0
111,"ISR","Israel",1,"Golan",,,,,,,,,,,"2013",,,,32.8431369670923,38.6469514266304,43.3918876647949,682,309.680076853517,1208,0.966937354988399,0.0330626450116009,0,0,3,"Circassians, Jews of Israel, Syria Arabs",5,"ARABIC, LEVANTINE BEDAWI SPOKEN, ARABIC, NAJDI SPOKEN, ARABIC, NORTH LEVANTINE SPOKEN, ARABIC, SOUTH LEVANTINE SPOKEN, HEBREW",1,"Al Qunaytirah",0,"",14.3169680928904,1,1.41953311165045,1474.01337989264,0.000963039502228835,18.2541665434837,58.8299994459376,0,0,0,0,0,0,0,0,0,0,0,0,0,0,0,0,0,0,0,0,0,0,0,0,0,0,0,0,0,0,0,0,0,0,0,0,0,0,0,0,0,0,0,0
111,"ISR","Israel",1,"Golan",,,,,,,,,,,"2014",,,,32.8431369670923,38.6469514266304,43.3918876647949,682,309.680076853517,1208,0.966937354988399,0.0330626450116009,0,0,3,"Circassians, Jews of Israel, Syria Arabs",5,"ARABIC, LEVANTINE BEDAWI SPOKEN, ARABIC, NAJDI SPOKEN, ARABIC, NORTH LEVANTINE SPOKEN, ARABIC, SOUTH LEVANTINE SPOKEN, HEBREW",1,"Al Qunaytirah",0,"",14.3169680928904,1,1.41953311165045,1474.01337989264,0.000963039502228835,19.4550002574921,21.9499996043742,0,0,0,0,0,0,0,0,0,0,0,0,0,0,0,0,0,0,0,0,0,0,0,0,0,0,0,0,0,0,0,0,0,0,0,0,0,0,0,0,0,0,0,0
111,"ISR","Israel",2,"HaDarom",,,,,,,,,,,"1995",,,,50.347177091749,62.0375033905185,73.0219138317739,266.913265306122,317.629840404577,892,0.614019070805437,0.0154189490768919,0,0,5,"Arabs of UAR (Egyptians), Circassians, Jews of Israel, Jordan and Palestine Arabs, Syria Arabs",4,"ARABIC, EASTERN EGYPTIAN BEDAWI SPOKEN, ARABIC, LEVANTINE BEDAWI SPOKEN, ARABIC, SOUTH LEVANTINE SPOKEN, HEBREW",7,"Arad, Ashdod, Ashqelon, Beer Sheva, Elat, Ibbim",3,"Jafr-Tabuk Basin, Levantine Basin, Sinai Basin",46.5918433802276,269,2309.86960712806,16918.0382243751,0.136532946461845,20.1458333730698,11.0933332856124,0,0,0,0,0,0,0,0,0,0,0,0,0,0,0,0,0,0,0,0,0,0,0,0,0,0,0,0,0,0,0,0,0,0,0,0,0,0,0,0,0,0,0,0
111,"ISR","Israel",2,"HaDarom",,,,,,,,,,,"1996",,,,50.347177091749,62.0375033905185,73.0219138317739,266.913265306122,317.629840404577,892,0.614019070805437,0.0154189490768919,0,0,5,"Arabs of UAR (Egyptians), Circassians, Jews of Israel, Jordan and Palestine Arabs, Syria Arabs",4,"ARABIC, EASTERN EGYPTIAN BEDAWI SPOKEN, ARABIC, LEVANTINE BEDAWI SPOKEN, ARABIC, SOUTH LEVANTINE SPOKEN, HEBREW",7,"Arad, Ashdod, Ashqelon, Beer Sheva, Elat, Ibbim",3,"Jafr-Tabuk Basin, Levantine Basin, Sinai Basin",46.5918433802276,269,2309.86960712806,16918.0382243751,0.136532946461845,20.65555551317,18.5983334056412,0,0,0,0,0,0,0,0,0,0,0,0,0,0,0,0,0,0,0,0,0,0,0,0,0,0,0,0,0,0,0,0,0,0,0,0,0,0,0,0,0,0,0,0
111,"ISR","Israel",2,"HaDarom",,,,,,,,,,,"1997",,,,50.347177091749,62.0375033905185,73.0219138317739,266.913265306122,317.629840404577,892,0.614019070805437,0.0154189490768919,0,0,5,"Arabs of UAR (Egyptians), Circassians, Jews of Israel, Jordan and Palestine Arabs, Syria Arabs",4,"ARABIC, EASTERN EGYPTIAN BEDAWI SPOKEN, ARABIC, LEVANTINE BEDAWI SPOKEN, ARABIC, SOUTH LEVANTINE SPOKEN, HEBREW",7,"Arad, Ashdod, Ashqelon, Beer Sheva, Elat, Ibbim",3,"Jafr-Tabuk Basin, Levantine Basin, Sinai Basin",46.5918433802276,269,2309.86960712806,16918.0382243751,0.136532946461845,19.9208332830005,24.2899999730289,0,0,0,0,0,0,0,0,0,0,0,0,0,0,0,0,0,0,0,0,0,0,0,0,0,0,0,0,0,0,0,0,0,0,0,0,0,0,0,0,0,0,0,0
111,"ISR","Israel",2,"HaDarom",,,,,,,,,,,"1998",,,,50.347177091749,62.0375033905185,73.0219138317739,266.913265306122,317.629840404577,892,0.614019070805437,0.0154189490768919,0,0,5,"Arabs of UAR (Egyptians), Circassians, Jews of Israel, Jordan and Palestine Arabs, Syria Arabs",4,"ARABIC, EASTERN EGYPTIAN BEDAWI SPOKEN, ARABIC, LEVANTINE BEDAWI SPOKEN, ARABIC, SOUTH LEVANTINE SPOKEN, HEBREW",7,"Arad, Ashdod, Ashqelon, Beer Sheva, Elat, Ibbim",3,"Jafr-Tabuk Basin, Levantine Basin, Sinai Basin",46.5918433802276,269,2309.86960712806,16918.0382243751,0.136532946461845,21.1138889524672,13.6399998683482,0,0,0,0,0,0,0,0,0,0,0,0,0,0,0,0,0,0,0,0,0,0,0,0,0,0,0,0,0,0,0,0,0,0,0,0,0,0,0,0,0,0,0,0
111,"ISR","Israel",2,"HaDarom",,,,,,,,,,,"1999",,,,50.347177091749,62.0375033905185,73.0219138317739,266.913265306122,317.629840404577,892,0.614019070805437,0.0154189490768919,0,0,5,"Arabs of UAR (Egyptians), Circassians, Jews of Israel, Jordan and Palestine Arabs, Syria Arabs",4,"ARABIC, EASTERN EGYPTIAN BEDAWI SPOKEN, ARABIC, LEVANTINE BEDAWI SPOKEN, ARABIC, SOUTH LEVANTINE SPOKEN, HEBREW",7,"Arad, Ashdod, Ashqelon, Beer Sheva, Elat, Ibbim",3,"Jafr-Tabuk Basin, Levantine Basin, Sinai Basin",46.5918433802276,269,2309.86960712806,16918.0382243751,0.136532946461845,20.9472221798367,10.39999989296,0,0,0,0,0,0,0,0,0,0,0,0,0,0,0,0,0,0,0,0,0,0,0,0,0,0,0,0,0,0,0,0,0,0,0,0,0,0,0,0,0,0,0,0
111,"ISR","Israel",2,"HaDarom",,,,,,,,,,,"2000",,,,50.347177091749,62.0375033905185,73.0219138317739,266.913265306122,317.629840404577,892,0.614019070805437,0.0154189490768919,0,0,5,"Arabs of UAR (Egyptians), Circassians, Jews of Israel, Jordan and Palestine Arabs, Syria Arabs",4,"ARABIC, EASTERN EGYPTIAN BEDAWI SPOKEN, ARABIC, LEVANTINE BEDAWI SPOKEN, ARABIC, SOUTH LEVANTINE SPOKEN, HEBREW",7,"Arad, Ashdod, Ashqelon, Beer Sheva, Elat, Ibbim",3,"Jafr-Tabuk Basin, Levantine Basin, Sinai Basin",46.5918433802276,269,2309.86960712806,16918.0382243751,0.136532946461845,20.250000026491,25.1999996736025,0,0,0,0,0,0,0,0,0,0,0,0,0,0,0,0,0,0,0,0,0,0,0,0,0,0,0,0,0,0,0,0,0,0,0,0,0,0,0,0,0,0,0,0
111,"ISR","Israel",2,"HaDarom",,,,,,,,,,,"2001",,,,50.347177091749,62.0375033905185,73.0219138317739,266.913265306122,317.629840404577,892,0.614019070805437,0.0154189490768919,0,0,5,"Arabs of UAR (Egyptians), Circassians, Jews of Israel, Jordan and Palestine Arabs, Syria Arabs",4,"ARABIC, EASTERN EGYPTIAN BEDAWI SPOKEN, ARABIC, LEVANTINE BEDAWI SPOKEN, ARABIC, SOUTH LEVANTINE SPOKEN, HEBREW",7,"Arad, Ashdod, Ashqelon, Beer Sheva, Elat, Ibbim",3,"Jafr-Tabuk Basin, Levantine Basin, Sinai Basin",46.5918433802276,269,2309.86960712806,16918.0382243751,0.136532946461845,20.9597221745385,22.4150000469138,0,0,0,0,0,0,0,0,0,0,0,0,0,0,0,0,0,0,0,0,0,0,0,0,0,0,0,0,0,0,0,0,0,0,0,0,0,0,0,0,0,0,0,0
111,"ISR","Israel",2,"HaDarom",,,,,,,,,,,"2002",,,,50.347177091749,62.0375033905185,73.0219138317739,266.913265306122,317.629840404577,892,0.614019070805437,0.0154189490768919,0,0,5,"Arabs of UAR (Egyptians), Circassians, Jews of Israel, Jordan and Palestine Arabs, Syria Arabs",4,"ARABIC, EASTERN EGYPTIAN BEDAWI SPOKEN, ARABIC, LEVANTINE BEDAWI SPOKEN, ARABIC, SOUTH LEVANTINE SPOKEN, HEBREW",7,"Arad, Ashdod, Ashqelon, Beer Sheva, Elat, Ibbim",3,"Jafr-Tabuk Basin, Levantine Basin, Sinai Basin",46.5918433802276,269,2309.86960712806,16918.0382243751,0.136532946461845,20.8611112170749,22.6749997604638,0,0,0,0,0,0,0,0,0,0,0,0,0,0,0,0,0,0,0,0,0,0,0,0,0,0,0,0,0,0,0,0,0,0,0,0,0,0,0,0,0,0,0,0
111,"ISR","Israel",2,"HaDarom",,,,,,,,,,,"2003",,,,50.347177091749,62.0375033905185,73.0219138317739,266.913265306122,317.629840404577,892,0.614019070805437,0.0154189490768919,0,0,5,"Arabs of UAR (Egyptians), Circassians, Jews of Israel, Jordan and Palestine Arabs, Syria Arabs",4,"ARABIC, EASTERN EGYPTIAN BEDAWI SPOKEN, ARABIC, LEVANTINE BEDAWI SPOKEN, ARABIC, SOUTH LEVANTINE SPOKEN, HEBREW",7,"Arad, Ashdod, Ashqelon, Beer Sheva, Elat, Ibbim",3,"Jafr-Tabuk Basin, Levantine Basin, Sinai Basin",46.5918433802276,269,2309.86960712806,16918.0382243751,0.136532946461845,20.7527778016196,24.0800001506383,0,0,0,0,0,0,0,0,0,0,0,0,0,0,0,0,0,0,0,0,0,0,0,0,0,0,0,0,0,0,0,0,0,0,0,0,0,0,0,0,0,0,0,0
111,"ISR","Israel",2,"HaDarom",,,,,,,,,,,"2004",,,,50.347177091749,62.0375033905185,73.0219138317739,266.913265306122,317.629840404577,892,0.614019070805437,0.0154189490768919,0,0,5,"Arabs of UAR (Egyptians), Circassians, Jews of Israel, Jordan and Palestine Arabs, Syria Arabs",4,"ARABIC, EASTERN EGYPTIAN BEDAWI SPOKEN, ARABIC, LEVANTINE BEDAWI SPOKEN, ARABIC, SOUTH LEVANTINE SPOKEN, HEBREW",7,"Arad, Ashdod, Ashqelon, Beer Sheva, Elat, Ibbim",3,"Jafr-Tabuk Basin, Levantine Basin, Sinai Basin",46.5918433802276,269,2309.86960712806,16918.0382243751,0.136532946461845,20.4736110766729,20.5366664174944,0,2,0,0,0,0,2,0,0,0,0,0,0,0,2,0,0,0,0,0,0,0,0,0,2,2,0,0,0,0,0,0,2,2,0,0,0,0,0,0,0,0,0,0
111,"ISR","Israel",2,"HaDarom",,,,,,,,,,,"2005",,,,50.347177091749,62.0375033905185,73.0219138317739,266.913265306122,317.629840404577,892,0.614019070805437,0.0154189490768919,0,0,5,"Arabs of UAR (Egyptians), Circassians, Jews of Israel, Jordan and Palestine Arabs, Syria Arabs",4,"ARABIC, EASTERN EGYPTIAN BEDAWI SPOKEN, ARABIC, LEVANTINE BEDAWI SPOKEN, ARABIC, SOUTH LEVANTINE SPOKEN, HEBREW",7,"Arad, Ashdod, Ashqelon, Beer Sheva, Elat, Ibbim",3,"Jafr-Tabuk Basin, Levantine Basin, Sinai Basin",46.5918433802276,269,2309.86960712806,16918.0382243751,0.136532946461845,20.59305551317,18.1583333561818,0,0,0,0,0,0,0,0,0,0,0,0,0,0,0,0,0,0,0,0,0,0,0,0,0,0,0,0,0,0,0,0,0,0,0,0,0,0,0,0,0,0,0,0
111,"ISR","Israel",2,"HaDarom",,,,,,,,,,,"2006",,,,50.347177091749,62.0375033905185,73.0219138317739,266.913265306122,317.629840404577,892,0.614019070805437,0.0154189490768919,0,0,5,"Arabs of UAR (Egyptians), Circassians, Jews of Israel, Jordan and Palestine Arabs, Syria Arabs",4,"ARABIC, EASTERN EGYPTIAN BEDAWI SPOKEN, ARABIC, LEVANTINE BEDAWI SPOKEN, ARABIC, SOUTH LEVANTINE SPOKEN, HEBREW",7,"Arad, Ashdod, Ashqelon, Beer Sheva, Elat, Ibbim",3,"Jafr-Tabuk Basin, Levantine Basin, Sinai Basin",46.5918433802276,269,2309.86960712806,16918.0382243751,0.136532946461845,20.6569445530574,24.2583331133549,0,0,0,0,0,0,0,0,0,0,0,0,0,0,0,0,0,0,0,0,0,0,0,0,0,0,0,0,0,0,0,0,0,0,0,0,0,0,0,0,0,0,0,0
111,"ISR","Israel",2,"HaDarom",,,,,,,,,,,"2007",,,,50.347177091749,62.0375033905185,73.0219138317739,266.913265306122,317.629840404577,892,0.614019070805437,0.0154189490768919,0,0,5,"Arabs of UAR (Egyptians), Circassians, Jews of Israel, Jordan and Palestine Arabs, Syria Arabs",4,"ARABIC, EASTERN EGYPTIAN BEDAWI SPOKEN, ARABIC, LEVANTINE BEDAWI SPOKEN, ARABIC, SOUTH LEVANTINE SPOKEN, HEBREW",7,"Arad, Ashdod, Ashqelon, Beer Sheva, Elat, Ibbim",3,"Jafr-Tabuk Basin, Levantine Basin, Sinai Basin",46.5918433802276,269,2309.86960712806,16918.0382243751,0.136532946461845,20.9041666057375,19.1783333315204,0,0,0,0,0,0,0,0,0,0,0,0,0,0,0,0,0,0,0,0,0,0,0,0,0,0,0,0,0,0,0,0,0,0,0,0,0,0,0,0,0,0,0,0
111,"ISR","Israel",2,"HaDarom",,,,,,,,,,,"2008",,,,50.347177091749,62.0375033905185,73.0219138317739,266.913265306122,317.629840404577,892,0.614019070805437,0.0154189490768919,0,0,5,"Arabs of UAR (Egyptians), Circassians, Jews of Israel, Jordan and Palestine Arabs, Syria Arabs",4,"ARABIC, EASTERN EGYPTIAN BEDAWI SPOKEN, ARABIC, LEVANTINE BEDAWI SPOKEN, ARABIC, SOUTH LEVANTINE SPOKEN, HEBREW",7,"Arad, Ashdod, Ashqelon, Beer Sheva, Elat, Ibbim",3,"Jafr-Tabuk Basin, Levantine Basin, Sinai Basin",46.5918433802276,269,2309.86960712806,16918.0382243751,0.136532946461845,21.1749999324481,16.1566667004178,0,0,0,0,0,0,0,0,0,0,0,0,0,0,0,0,0,0,0,0,0,0,0,0,0,0,0,0,0,0,0,0,0,0,0,0,0,0,0,0,0,0,0,0
111,"ISR","Israel",2,"HaDarom",,,,,,,,,,,"2009",,,,50.347177091749,62.0375033905185,73.0219138317739,266.913265306122,317.629840404577,892,0.614019070805437,0.0154189490768919,0,0,5,"Arabs of UAR (Egyptians), Circassians, Jews of Israel, Jordan and Palestine Arabs, Syria Arabs",4,"ARABIC, EASTERN EGYPTIAN BEDAWI SPOKEN, ARABIC, LEVANTINE BEDAWI SPOKEN, ARABIC, SOUTH LEVANTINE SPOKEN, HEBREW",7,"Arad, Ashdod, Ashqelon, Beer Sheva, Elat, Ibbim",3,"Jafr-Tabuk Basin, Levantine Basin, Sinai Basin",46.5918433802276,269,2309.86960712806,16918.0382243751,0.136532946461845,21.240277700954,16.2016665302217,0,0,0,0,0,0,0,0,0,0,0,0,0,0,0,0,0,0,0,0,0,0,0,0,0,0,0,0,0,0,0,0,0,0,0,0,0,0,0,0,0,0,0,0
111,"ISR","Israel",2,"HaDarom",,,,,,,,,,,"2010",,,,50.347177091749,62.0375033905185,73.0219138317739,266.913265306122,317.629840404577,892,0.614019070805437,0.0154189490768919,0,0,5,"Arabs of UAR (Egyptians), Circassians, Jews of Israel, Jordan and Palestine Arabs, Syria Arabs",4,"ARABIC, EASTERN EGYPTIAN BEDAWI SPOKEN, ARABIC, LEVANTINE BEDAWI SPOKEN, ARABIC, SOUTH LEVANTINE SPOKEN, HEBREW",7,"Arad, Ashdod, Ashqelon, Beer Sheva, Elat, Ibbim",3,"Jafr-Tabuk Basin, Levantine Basin, Sinai Basin",46.5918433802276,269,2309.86960712806,16918.0382243751,0.136532946461845,22.5277777777778,20.0699997966488,0,0,0,0,0,0,0,0,0,0,0,0,0,0,0,0,0,0,0,0,0,0,0,0,0,0,0,0,0,0,0,0,0,0,0,0,0,0,0,0,0,0,0,0
111,"ISR","Israel",2,"HaDarom",,,,,,,,,,,"2011",,,,50.347177091749,62.0375033905185,73.0219138317739,266.913265306122,317.629840404577,892,0.614019070805437,0.0154189490768919,0,0,5,"Arabs of UAR (Egyptians), Circassians, Jews of Israel, Jordan and Palestine Arabs, Syria Arabs",4,"ARABIC, EASTERN EGYPTIAN BEDAWI SPOKEN, ARABIC, LEVANTINE BEDAWI SPOKEN, ARABIC, SOUTH LEVANTINE SPOKEN, HEBREW",7,"Arad, Ashdod, Ashqelon, Beer Sheva, Elat, Ibbim",3,"Jafr-Tabuk Basin, Levantine Basin, Sinai Basin",46.5918433802276,269,2309.86960712806,16918.0382243751,0.136532946461845,20.6138889259762,19.4716664894174,0,1,0,0,0,0,1,0,0,0,0,0,0,0,1,0,0,0,0,0,0,0,0,0,1,1,1,0,0,0,0,0,1,1,1,0,0,0,0,0,0,0,0,0
111,"ISR","Israel",2,"HaDarom",,,,,,,,,,,"2012",,,,50.347177091749,62.0375033905185,73.0219138317739,266.913265306122,317.629840404577,892,0.614019070805437,0.0154189490768919,0,0,5,"Arabs of UAR (Egyptians), Circassians, Jews of Israel, Jordan and Palestine Arabs, Syria Arabs",4,"ARABIC, EASTERN EGYPTIAN BEDAWI SPOKEN, ARABIC, LEVANTINE BEDAWI SPOKEN, ARABIC, SOUTH LEVANTINE SPOKEN, HEBREW",7,"Arad, Ashdod, Ashqelon, Beer Sheva, Elat, Ibbim",3,"Jafr-Tabuk Basin, Levantine Basin, Sinai Basin",46.5918433802276,269,2309.86960712806,16918.0382243751,0.136532946461845,21.3249999682109,18.8699997840449,0,0,0,0,0,0,0,0,0,0,0,0,0,0,0,0,0,0,0,0,0,0,0,0,0,0,0,0,0,0,0,0,0,0,0,0,0,0,0,0,0,0,0,0
111,"ISR","Israel",2,"HaDarom",,,,,,,,,,,"2013",,,,50.347177091749,62.0375033905185,73.0219138317739,266.913265306122,317.629840404577,892,0.614019070805437,0.0154189490768919,0,0,5,"Arabs of UAR (Egyptians), Circassians, Jews of Israel, Jordan and Palestine Arabs, Syria Arabs",4,"ARABIC, EASTERN EGYPTIAN BEDAWI SPOKEN, ARABIC, LEVANTINE BEDAWI SPOKEN, ARABIC, SOUTH LEVANTINE SPOKEN, HEBREW",7,"Arad, Ashdod, Ashqelon, Beer Sheva, Elat, Ibbim",3,"Jafr-Tabuk Basin, Levantine Basin, Sinai Basin",46.5918433802276,269,2309.86960712806,16918.0382243751,0.136532946461845,20.9819444550408,23.6549997171387,0,0,0,0,0,0,0,0,0,0,0,0,0,0,0,0,0,0,0,0,0,0,0,0,0,0,0,0,0,0,0,0,0,0,0,0,0,0,0,0,0,0,0,0
111,"ISR","Israel",2,"HaDarom",,,,,,,,,,,"2014",,,,50.347177091749,62.0375033905185,73.0219138317739,266.913265306122,317.629840404577,892,0.614019070805437,0.0154189490768919,0,0,5,"Arabs of UAR (Egyptians), Circassians, Jews of Israel, Jordan and Palestine Arabs, Syria Arabs",4,"ARABIC, EASTERN EGYPTIAN BEDAWI SPOKEN, ARABIC, LEVANTINE BEDAWI SPOKEN, ARABIC, SOUTH LEVANTINE SPOKEN, HEBREW",7,"Arad, Ashdod, Ashqelon, Beer Sheva, Elat, Ibbim",3,"Jafr-Tabuk Basin, Levantine Basin, Sinai Basin",46.5918433802276,269,2309.86960712806,16918.0382243751,0.136532946461845,22.1433333714803,10.6433334192261,0,2,0,0,0,0,2,0,0,0,0,0,0,0,2,0,0,0,0,0,0,0,0,0,2,2,1,0,0,0,0,0,2,2,1,0,0,0,0,0,0,0,0,0
111,"ISR","Israel",3,"Haifa",,,,,,,,,,,"1995",,,,703.045487085978,809.917598724365,888.398495992025,95.5833333333333,112.545310740594,272,0.511437908496732,0.466503267973856,0.0220588235294118,0,2,"Jews of Israel, Jordan and Palestine Arabs",3,"ARABIC, LEVANTINE BEDAWI SPOKEN, ARABIC, SOUTH LEVANTINE SPOKEN, HEBREW",2,"Hefa (haifa)",0,"",17.1959188997508,43,187.676277420397,1050.53754535418,0.17864785342548,18.8375000953674,33.2750006020069,0,0,0,0,0,0,0,0,0,0,0,0,0,0,0,0,0,0,0,0,0,0,0,0,0,0,0,0,0,0,0,0,0,0,0,0,0,0,0,0,0,0,0,0
111,"ISR","Israel",3,"Haifa",,,,,,,,,,,"1996",,,,703.045487085978,809.917598724365,888.398495992025,95.5833333333333,112.545310740594,272,0.511437908496732,0.466503267973856,0.0220588235294118,0,2,"Jews of Israel, Jordan and Palestine Arabs",3,"ARABIC, LEVANTINE BEDAWI SPOKEN, ARABIC, SOUTH LEVANTINE SPOKEN, HEBREW",2,"Hefa (haifa)",0,"",17.1959188997508,43,187.676277420397,1050.53754535418,0.17864785342548,19.341666618983,46.8849992454052,0,0,0,0,0,0,0,0,0,0,0,0,0,0,0,0,0,0,0,0,0,0,0,0,0,0,0,0,0,0,0,0,0,0,0,0,0,0,0,0,0,0,0,0
111,"ISR","Israel",3,"Haifa",,,,,,,,,,,"1997",,,,703.045487085978,809.917598724365,888.398495992025,95.5833333333333,112.545310740594,272,0.511437908496732,0.466503267973856,0.0220588235294118,0,2,"Jews of Israel, Jordan and Palestine Arabs",3,"ARABIC, LEVANTINE BEDAWI SPOKEN, ARABIC, SOUTH LEVANTINE SPOKEN, HEBREW",2,"Hefa (haifa)",0,"",17.1959188997508,43,187.676277420397,1050.53754535418,0.17864785342548,18.6833332379659,55.0699995607138,0,0,0,0,0,0,0,0,0,0,0,0,0,0,0,0,0,0,0,0,0,0,0,0,0,0,0,0,0,0,0,0,0,0,0,0,0,0,0,0,0,0,0,0
111,"ISR","Israel",3,"Haifa",,,,,,,,,,,"1998",,,,703.045487085978,809.917598724365,888.398495992025,95.5833333333333,112.545310740594,272,0.511437908496732,0.466503267973856,0.0220588235294118,0,2,"Jews of Israel, Jordan and Palestine Arabs",3,"ARABIC, LEVANTINE BEDAWI SPOKEN, ARABIC, SOUTH LEVANTINE SPOKEN, HEBREW",2,"Hefa (haifa)",0,"",17.1959188997508,43,187.676277420397,1050.53754535418,0.17864785342548,19.8416666587194,42.0400000736117,0,0,0,0,0,0,0,0,0,0,0,0,0,0,0,0,0,0,0,0,0,0,0,0,0,0,0,0,0,0,0,0,0,0,0,0,0,0,0,0,0,0,0,0
111,"ISR","Israel",3,"Haifa",,,,,,,,,,,"1999",,,,703.045487085978,809.917598724365,888.398495992025,95.5833333333333,112.545310740594,272,0.511437908496732,0.466503267973856,0.0220588235294118,0,2,"Jews of Israel, Jordan and Palestine Arabs",3,"ARABIC, LEVANTINE BEDAWI SPOKEN, ARABIC, SOUTH LEVANTINE SPOKEN, HEBREW",2,"Hefa (haifa)",0,"",17.1959188997508,43,187.676277420397,1050.53754535418,0.17864785342548,19.8708332777023,37.8499994315207,0,0,0,0,0,0,0,0,0,0,0,0,0,0,0,0,0,0,0,0,0,0,0,0,0,0,0,0,0,0,0,0,0,0,0,0,0,0,0,0,0,0,0,0
111,"ISR","Israel",3,"Haifa",,,,,,,,,,,"2000",,,,703.045487085978,809.917598724365,888.398495992025,95.5833333333333,112.545310740594,272,0.511437908496732,0.466503267973856,0.0220588235294118,0,2,"Jews of Israel, Jordan and Palestine Arabs",3,"ARABIC, LEVANTINE BEDAWI SPOKEN, ARABIC, SOUTH LEVANTINE SPOKEN, HEBREW",2,"Hefa (haifa)",0,"",17.1959188997508,43,187.676277420397,1050.53754535418,0.17864785342548,19.2166666984558,65.5500000827014,0,0,0,0,0,0,0,0,0,0,0,0,0,0,0,0,0,0,0,0,0,0,0,0,0,0,0,0,0,0,0,0,0,0,0,0,0,0,0,0,0,0,0,0
111,"ISR","Israel",3,"Haifa",,,,,,,,,,,"2001",,,,703.045487085978,809.917598724365,888.398495992025,95.5833333333333,112.545310740594,272,0.511437908496732,0.466503267973856,0.0220588235294118,0,2,"Jews of Israel, Jordan and Palestine Arabs",3,"ARABIC, LEVANTINE BEDAWI SPOKEN, ARABIC, SOUTH LEVANTINE SPOKEN, HEBREW",2,"Hefa (haifa)",0,"",17.1959188997508,43,187.676277420397,1050.53754535418,0.17864785342548,19.9333331187566,57.3600000739098,0,1,0,0,0,0,1,0,0,0,0,0,0,0,1,0,0,0,0,0,0,0,0,0,1,1,0,0,0,0,0,0,1,1,0,0,0,0,0,0,0,0,0,0
111,"ISR","Israel",3,"Haifa",,,,,,,,,,,"2002",,,,703.045487085978,809.917598724365,888.398495992025,95.5833333333333,112.545310740594,272,0.511437908496732,0.466503267973856,0.0220588235294118,0,2,"Jews of Israel, Jordan and Palestine Arabs",3,"ARABIC, LEVANTINE BEDAWI SPOKEN, ARABIC, SOUTH LEVANTINE SPOKEN, HEBREW",2,"Hefa (haifa)",0,"",17.1959188997508,43,187.676277420397,1050.53754535418,0.17864785342548,19.8208334048589,70.3650012370199,0,3,0,0,0,0,3,0,0,0,0,0,0,0,3,0,0,0,0,0,0,0,0,0,3,3,1,0,0,0,0,0,3,3,1,0,0,0,0,0,0,0,0,0
111,"ISR","Israel",3,"Haifa",,,,,,,,,,,"2003",,,,703.045487085978,809.917598724365,888.398495992025,95.5833333333333,112.545310740594,272,0.511437908496732,0.466503267973856,0.0220588235294118,0,2,"Jews of Israel, Jordan and Palestine Arabs",3,"ARABIC, LEVANTINE BEDAWI SPOKEN, ARABIC, SOUTH LEVANTINE SPOKEN, HEBREW",2,"Hefa (haifa)",0,"",17.1959188997508,43,187.676277420397,1050.53754535418,0.17864785342548,19.6666666269302,77.4950012564659,0,2,0,0,0,0,2,0,0,0,0,0,0,0,2,0,0,0,0,0,0,0,0,0,2,2,0,0,0,0,0,0,2,2,0,0,0,0,0,0,0,0,0,0
111,"ISR","Israel",3,"Haifa",,,,,,,,,,,"2004",,,,703.045487085978,809.917598724365,888.398495992025,95.5833333333333,112.545310740594,272,0.511437908496732,0.466503267973856,0.0220588235294118,0,2,"Jews of Israel, Jordan and Palestine Arabs",3,"ARABIC, LEVANTINE BEDAWI SPOKEN, ARABIC, SOUTH LEVANTINE SPOKEN, HEBREW",2,"Hefa (haifa)",0,"",17.1959188997508,43,187.676277420397,1050.53754535418,0.17864785342548,19.5791668494542,56.6450010091066,0,0,0,0,0,0,0,0,0,0,0,0,0,0,0,0,0,0,0,0,0,0,0,0,0,0,0,0,0,0,0,0,0,0,0,0,0,0,0,0,0,0,0,0
111,"ISR","Israel",3,"Haifa",,,,,,,,,,,"2005",,,,703.045487085978,809.917598724365,888.398495992025,95.5833333333333,112.545310740594,272,0.511437908496732,0.466503267973856,0.0220588235294118,0,2,"Jews of Israel, Jordan and Palestine Arabs",3,"ARABIC, LEVANTINE BEDAWI SPOKEN, ARABIC, SOUTH LEVANTINE SPOKEN, HEBREW",2,"Hefa (haifa)",0,"",17.1959188997508,43,187.676277420397,1050.53754535418,0.17864785342548,19.587500055631,61.4900000207126,0,1,0,0,0,0,1,0,0,0,0,0,0,0,1,0,0,0,0,0,0,0,0,0,1,1,0,0,0,0,0,0,1,1,0,0,0,0,0,0,0,0,0,0
111,"ISR","Israel",3,"Haifa",,,,,,,,,,,"2006",,,,703.045487085978,809.917598724365,888.398495992025,95.5833333333333,112.545310740594,272,0.511437908496732,0.466503267973856,0.0220588235294118,0,2,"Jews of Israel, Jordan and Palestine Arabs",3,"ARABIC, LEVANTINE BEDAWI SPOKEN, ARABIC, SOUTH LEVANTINE SPOKEN, HEBREW",2,"Hefa (haifa)",0,"",17.1959188997508,43,187.676277420397,1050.53754535418,0.17864785342548,19.5458333094915,61.2799997627735,0,1,0,0,0,0,1,0,0,0,0,0,0,0,1,0,0,0,0,0,0,0,0,0,1,1,0,0,0,0,0,0,1,1,0,0,0,0,0,0,0,0,0,0
111,"ISR","Israel",3,"Haifa",,,,,,,,,,,"2007",,,,703.045487085978,809.917598724365,888.398495992025,95.5833333333333,112.545310740594,272,0.511437908496732,0.466503267973856,0.0220588235294118,0,2,"Jews of Israel, Jordan and Palestine Arabs",3,"ARABIC, LEVANTINE BEDAWI SPOKEN, ARABIC, SOUTH LEVANTINE SPOKEN, HEBREW",2,"Hefa (haifa)",0,"",17.1959188997508,43,187.676277420397,1050.53754535418,0.17864785342548,20.0583333969116,59.159999795258,0,0,0,0,0,0,0,0,0,0,0,0,0,0,0,0,0,0,0,0,0,0,0,0,0,0,0,0,0,0,0,0,0,0,0,0,0,0,0,0,0,0,0,0
111,"ISR","Israel",3,"Haifa",,,,,,,,,,,"2008",,,,703.045487085978,809.917598724365,888.398495992025,95.5833333333333,112.545310740594,272,0.511437908496732,0.466503267973856,0.0220588235294118,0,2,"Jews of Israel, Jordan and Palestine Arabs",3,"ARABIC, LEVANTINE BEDAWI SPOKEN, ARABIC, SOUTH LEVANTINE SPOKEN, HEBREW",2,"Hefa (haifa)",0,"",17.1959188997508,43,187.676277420397,1050.53754535418,0.17864785342548,20.3208334843318,51.0900001069531,0,0,0,0,0,0,0,0,0,0,0,0,0,0,0,0,0,0,0,0,0,0,0,0,0,0,0,0,0,0,0,0,0,0,0,0,0,0,0,0,0,0,0,0
111,"ISR","Israel",3,"Haifa",,,,,,,,,,,"2009",,,,703.045487085978,809.917598724365,888.398495992025,95.5833333333333,112.545310740594,272,0.511437908496732,0.466503267973856,0.0220588235294118,0,2,"Jews of Israel, Jordan and Palestine Arabs",3,"ARABIC, LEVANTINE BEDAWI SPOKEN, ARABIC, SOUTH LEVANTINE SPOKEN, HEBREW",2,"Hefa (haifa)",0,"",17.1959188997508,43,187.676277420397,1050.53754535418,0.17864785342548,20.2999999125799,65.924999460578,0,0,0,0,0,0,0,0,0,0,0,0,0,0,0,0,0,0,0,0,0,0,0,0,0,0,0,0,0,0,0,0,0,0,0,0,0,0,0,0,0,0,0,0
111,"ISR","Israel",3,"Haifa",,,,,,,,,,,"2010",,,,703.045487085978,809.917598724365,888.398495992025,95.5833333333333,112.545310740594,272,0.511437908496732,0.466503267973856,0.0220588235294118,0,2,"Jews of Israel, Jordan and Palestine Arabs",3,"ARABIC, LEVANTINE BEDAWI SPOKEN, ARABIC, SOUTH LEVANTINE SPOKEN, HEBREW",2,"Hefa (haifa)",0,"",17.1959188997508,43,187.676277420397,1050.53754535418,0.17864785342548,21.6666667064031,51.0800005085766,0,0,0,0,0,0,0,0,0,0,0,0,0,0,0,0,0,0,0,0,0,0,0,0,0,0,0,0,0,0,0,0,0,0,0,0,0,0,0,0,0,0,0,0
111,"ISR","Israel",3,"Haifa",,,,,,,,,,,"2011",,,,703.045487085978,809.917598724365,888.398495992025,95.5833333333333,112.545310740594,272,0.511437908496732,0.466503267973856,0.0220588235294118,0,2,"Jews of Israel, Jordan and Palestine Arabs",3,"ARABIC, LEVANTINE BEDAWI SPOKEN, ARABIC, SOUTH LEVANTINE SPOKEN, HEBREW",2,"Hefa (haifa)",0,"",17.1959188997508,43,187.676277420397,1050.53754535418,0.17864785342548,19.5458333094915,63.5550000788644,0,0,0,0,0,0,0,0,0,0,0,0,0,0,0,0,0,0,0,0,0,0,0,0,0,0,0,0,0,0,0,0,0,0,0,0,0,0,0,0,0,0,0,0
111,"ISR","Israel",3,"Haifa",,,,,,,,,,,"2012",,,,703.045487085978,809.917598724365,888.398495992025,95.5833333333333,112.545310740594,272,0.511437908496732,0.466503267973856,0.0220588235294118,0,2,"Jews of Israel, Jordan and Palestine Arabs",3,"ARABIC, LEVANTINE BEDAWI SPOKEN, ARABIC, SOUTH LEVANTINE SPOKEN, HEBREW",2,"Hefa (haifa)",0,"",17.1959188997508,43,187.676277420397,1050.53754535418,0.17864785342548,20.304166674614,69.0600005434826,0,0,0,0,0,0,0,0,0,0,0,0,0,0,0,0,0,0,0,0,0,0,0,0,0,0,0,0,0,0,0,0,0,0,0,0,0,0,0,0,0,0,0,0
111,"ISR","Israel",3,"Haifa",,,,,,,,,,,"2013",,,,703.045487085978,809.917598724365,888.398495992025,95.5833333333333,112.545310740594,272,0.511437908496732,0.466503267973856,0.0220588235294118,0,2,"Jews of Israel, Jordan and Palestine Arabs",3,"ARABIC, LEVANTINE BEDAWI SPOKEN, ARABIC, SOUTH LEVANTINE SPOKEN, HEBREW",2,"Hefa (haifa)",0,"",17.1959188997508,43,187.676277420397,1050.53754535418,0.17864785342548,20.2208334207535,64.9199999207631,0,0,0,0,0,0,0,0,0,0,0,0,0,0,0,0,0,0,0,0,0,0,0,0,0,0,0,0,0,0,0,0,0,0,0,0,0,0,0,0,0,0,0,0
111,"ISR","Israel",3,"Haifa",,,,,,,,,,,"2014",,,,703.045487085978,809.917598724365,888.398495992025,95.5833333333333,112.545310740594,272,0.511437908496732,0.466503267973856,0.0220588235294118,0,2,"Jews of Israel, Jordan and Palestine Arabs",3,"ARABIC, LEVANTINE BEDAWI SPOKEN, ARABIC, SOUTH LEVANTINE SPOKEN, HEBREW",2,"Hefa (haifa)",0,"",17.1959188997508,43,187.676277420397,1050.53754535418,0.17864785342548,21.1799999237061,25.9900001622736,0,0,0,0,0,0,0,0,0,0,0,0,0,0,0,0,0,0,0,0,0,0,0,0,0,0,0,0,0,0,0,0,0,0,0,0,0,0,0,0,0,0,0,0
111,"ISR","Israel",4,"HaMerkaz",,,,,,,,,,,"1995",,,,815.703016801314,1007.35355492794,1183.5063347094,118.45,109.690221701126,302,0.517994100294985,0.461946902654867,0.0200589970501475,0,2,"Jews of Israel, Jordan and Palestine Arabs",2,"ARABIC, SOUTH LEVANTINE SPOKEN, HEBREW",4,"Kefar Sava, Rosh Ha'ayin, Tel Aviv-yafo",1,"Levantine Basin",12.7822297797724,133,398.251697126706,1463.58550990057,0.272106887115712,19.0194445186191,32.0733336191624,0,1,0,0,0,0,1,0,0,0,0,0,0,0,1,0,0,0,0,0,0,0,0,0,1,1,0,0,0,0,0,0,1,1,0,0,0,0,0,0,0,0,0,0
111,"ISR","Israel",4,"HaMerkaz",,,,,,,,,,,"1996",,,,815.703016801314,1007.35355492794,1183.5063347094,118.45,109.690221701126,302,0.517994100294985,0.461946902654867,0.0200589970501475,0,2,"Jews of Israel, Jordan and Palestine Arabs",2,"ARABIC, SOUTH LEVANTINE SPOKEN, HEBREW",4,"Kefar Sava, Rosh Ha'ayin, Tel Aviv-yafo",1,"Levantine Basin",12.7822297797724,133,398.251697126706,1463.58550990057,0.272106887115712,19.4722221957313,50.1033330392092,0,0,0,0,0,0,0,0,0,0,0,0,0,0,0,0,0,0,0,0,0,0,0,0,0,0,0,0,0,0,0,0,0,0,0,0,0,0,0,0,0,0,0,0
111,"ISR","Israel",4,"HaMerkaz",,,,,,,,,,,"1997",,,,815.703016801314,1007.35355492794,1183.5063347094,118.45,109.690221701126,302,0.517994100294985,0.461946902654867,0.0200589970501475,0,2,"Jews of Israel, Jordan and Palestine Arabs",2,"ARABIC, SOUTH LEVANTINE SPOKEN, HEBREW",4,"Kefar Sava, Rosh Ha'ayin, Tel Aviv-yafo",1,"Levantine Basin",12.7822297797724,133,398.251697126706,1463.58550990057,0.272106887115712,18.841666618983,60.163333101819,0,0,0,0,0,0,0,0,0,0,0,0,0,0,0,0,0,0,0,0,0,0,0,0,0,0,0,0,0,0,0,0,0,0,0,0,0,0,0,0,0,0,0,0
111,"ISR","Israel",4,"HaMerkaz",,,,,,,,,,,"1998",,,,815.703016801314,1007.35355492794,1183.5063347094,118.45,109.690221701126,302,0.517994100294985,0.461946902654867,0.0200589970501475,0,2,"Jews of Israel, Jordan and Palestine Arabs",2,"ARABIC, SOUTH LEVANTINE SPOKEN, HEBREW",4,"Kefar Sava, Rosh Ha'ayin, Tel Aviv-yafo",1,"Levantine Basin",12.7822297797724,133,398.251697126706,1463.58550990057,0.272106887115712,20.0722221798367,37.3766664483895,0,0,0,0,0,0,0,0,0,0,0,0,0,0,0,0,0,0,0,0,0,0,0,0,0,0,0,0,0,0,0,0,0,0,0,0,0,0,0,0,0,0,0,0
111,"ISR","Israel",4,"HaMerkaz",,,,,,,,,,,"1999",,,,815.703016801314,1007.35355492794,1183.5063347094,118.45,109.690221701126,302,0.517994100294985,0.461946902654867,0.0200589970501475,0,2,"Jews of Israel, Jordan and Palestine Arabs",2,"ARABIC, SOUTH LEVANTINE SPOKEN, HEBREW",4,"Kefar Sava, Rosh Ha'ayin, Tel Aviv-yafo",1,"Levantine Basin",12.7822297797724,133,398.251697126706,1463.58550990057,0.272106887115712,20.0694444974263,31.4666662768771,0,0,0,1,0,0,1,0,0,0,0,0,0,0,0,0,0,0,0,0,0,0,1,0,1,1,0,0,0,0,0,0,0,0,0,0,0,0,0,0,1,1,0,0
111,"ISR","Israel",4,"HaMerkaz",,,,,,,,,,,"2000",,,,815.703016801314,1007.35355492794,1183.5063347094,118.45,109.690221701126,302,0.517994100294985,0.461946902654867,0.0200589970501475,0,2,"Jews of Israel, Jordan and Palestine Arabs",2,"ARABIC, SOUTH LEVANTINE SPOKEN, HEBREW",4,"Kefar Sava, Rosh Ha'ayin, Tel Aviv-yafo",1,"Levantine Basin",12.7822297797724,133,398.251697126706,1463.58550990057,0.272106887115712,19.3555555343628,63.4966662811736,0,0,0,0,0,0,0,0,0,0,0,0,0,0,0,0,0,0,0,0,0,0,0,0,0,0,0,0,0,0,0,0,0,0,0,0,0,0,0,0,0,0,0,0
111,"ISR","Israel",4,"HaMerkaz",,,,,,,,,,,"2001",,,,815.703016801314,1007.35355492794,1183.5063347094,118.45,109.690221701126,302,0.517994100294985,0.461946902654867,0.0200589970501475,0,2,"Jews of Israel, Jordan and Palestine Arabs",2,"ARABIC, SOUTH LEVANTINE SPOKEN, HEBREW",4,"Kefar Sava, Rosh Ha'ayin, Tel Aviv-yafo",1,"Levantine Basin",12.7822297797724,133,398.251697126706,1463.58550990057,0.272106887115712,20.2277777194977,54.806666403388,0,0,0,0,0,0,0,0,0,0,0,0,0,0,0,0,0,0,0,0,0,0,0,0,0,0,0,0,0,0,0,0,0,0,0,0,0,0,0,0,0,0,0,0
111,"ISR","Israel",4,"HaMerkaz",,,,,,,,,,,"2002",,,,815.703016801314,1007.35355492794,1183.5063347094,118.45,109.690221701126,302,0.517994100294985,0.461946902654867,0.0200589970501475,0,2,"Jews of Israel, Jordan and Palestine Arabs",2,"ARABIC, SOUTH LEVANTINE SPOKEN, HEBREW",4,"Kefar Sava, Rosh Ha'ayin, Tel Aviv-yafo",1,"Levantine Basin",12.7822297797724,133,398.251697126706,1463.58550990057,0.272106887115712,20.0277778042687,64.8566670759271,0,1,0,0,0,0,1,0,0,0,0,0,0,0,1,0,0,0,0,0,0,0,0,0,1,1,0,1,0,0,0,0,1,1,0,1,0,0,0,0,0,0,0,0
111,"ISR","Israel",4,"HaMerkaz",,,,,,,,,,,"2003",,,,815.703016801314,1007.35355492794,1183.5063347094,118.45,109.690221701126,302,0.517994100294985,0.461946902654867,0.0200589970501475,0,2,"Jews of Israel, Jordan and Palestine Arabs",2,"ARABIC, SOUTH LEVANTINE SPOKEN, HEBREW",4,"Kefar Sava, Rosh Ha'ayin, Tel Aviv-yafo",1,"Levantine Basin",12.7822297797724,133,398.251697126706,1463.58550990057,0.272106887115712,19.8694444497426,74.4266678001732,0,0,0,0,0,0,0,0,0,0,0,0,0,0,0,0,0,0,0,0,0,0,0,0,0,0,0,0,0,0,0,0,0,0,0,0,0,0,0,0,0,0,0,0
111,"ISR","Israel",4,"HaMerkaz",,,,,,,,,,,"2004",,,,815.703016801314,1007.35355492794,1183.5063347094,118.45,109.690221701126,302,0.517994100294985,0.461946902654867,0.0200589970501475,0,2,"Jews of Israel, Jordan and Palestine Arabs",2,"ARABIC, SOUTH LEVANTINE SPOKEN, HEBREW",4,"Kefar Sava, Rosh Ha'ayin, Tel Aviv-yafo",1,"Levantine Basin",12.7822297797724,133,398.251697126706,1463.58550990057,0.272106887115712,19.8638888994853,47.9599995873868,0,0,0,0,0,0,0,0,0,0,0,0,0,0,0,0,0,0,0,0,0,0,0,0,0,0,0,0,0,0,0,0,0,0,0,0,0,0,0,0,0,0,0,0
111,"ISR","Israel",4,"HaMerkaz",,,,,,,,,,,"2005",,,,815.703016801314,1007.35355492794,1183.5063347094,118.45,109.690221701126,302,0.517994100294985,0.461946902654867,0.0200589970501475,0,2,"Jews of Israel, Jordan and Palestine Arabs",2,"ARABIC, SOUTH LEVANTINE SPOKEN, HEBREW",4,"Kefar Sava, Rosh Ha'ayin, Tel Aviv-yafo",1,"Levantine Basin",12.7822297797724,133,398.251697126706,1463.58550990057,0.272106887115712,19.8333334128062,55.553333365048,0,2,0,0,0,0,2,0,0,0,0,0,0,0,2,0,0,0,0,0,0,0,0,0,2,2,0,0,0,0,0,0,2,2,0,0,0,0,0,0,0,0,0,0
111,"ISR","Israel",4,"HaMerkaz",,,,,,,,,,,"2006",,,,815.703016801314,1007.35355492794,1183.5063347094,118.45,109.690221701126,302,0.517994100294985,0.461946902654867,0.0200589970501475,0,2,"Jews of Israel, Jordan and Palestine Arabs",2,"ARABIC, SOUTH LEVANTINE SPOKEN, HEBREW",4,"Kefar Sava, Rosh Ha'ayin, Tel Aviv-yafo",1,"Levantine Basin",12.7822297797724,133,398.251697126706,1463.58550990057,0.272106887115712,19.7944445080227,56.0299996069322,0,0,0,0,0,0,0,0,0,0,0,0,0,0,0,0,0,0,0,0,0,0,0,0,0,0,0,0,0,0,0,0,0,0,0,0,0,0,0,0,0,0,0,0
111,"ISR","Israel",4,"HaMerkaz",,,,,,,,,,,"2007",,,,815.703016801314,1007.35355492794,1183.5063347094,118.45,109.690221701126,302,0.517994100294985,0.461946902654867,0.0200589970501475,0,2,"Jews of Israel, Jordan and Palestine Arabs",2,"ARABIC, SOUTH LEVANTINE SPOKEN, HEBREW",4,"Kefar Sava, Rosh Ha'ayin, Tel Aviv-yafo",1,"Levantine Basin",12.7822297797724,133,398.251697126706,1463.58550990057,0.272106887115712,20.1527778307597,51.1633328056584,0,0,0,0,0,0,0,0,0,0,0,0,0,0,0,0,0,0,0,0,0,0,0,0,0,0,0,0,0,0,0,0,0,0,0,0,0,0,0,0,0,0,0,0
111,"ISR","Israel",4,"HaMerkaz",,,,,,,,,,,"2008",,,,815.703016801314,1007.35355492794,1183.5063347094,118.45,109.690221701126,302,0.517994100294985,0.461946902654867,0.0200589970501475,0,2,"Jews of Israel, Jordan and Palestine Arabs",2,"ARABIC, SOUTH LEVANTINE SPOKEN, HEBREW",4,"Kefar Sava, Rosh Ha'ayin, Tel Aviv-yafo",1,"Levantine Basin",12.7822297797724,133,398.251697126706,1463.58550990057,0.272106887115712,20.2722222540114,44.0866668572029,0,0,0,0,0,0,0,0,0,0,0,0,0,0,0,0,0,0,0,0,0,0,0,0,0,0,0,0,0,0,0,0,0,0,0,0,0,0,0,0,0,0,0,0
111,"ISR","Israel",4,"HaMerkaz",,,,,,,,,,,"2009",,,,815.703016801314,1007.35355492794,1183.5063347094,118.45,109.690221701126,302,0.517994100294985,0.461946902654867,0.0200589970501475,0,2,"Jews of Israel, Jordan and Palestine Arabs",2,"ARABIC, SOUTH LEVANTINE SPOKEN, HEBREW",4,"Kefar Sava, Rosh Ha'ayin, Tel Aviv-yafo",1,"Levantine Basin",12.7822297797724,133,398.251697126706,1463.58550990057,0.272106887115712,20.2666665712992,49.7266662673404,0,0,0,0,0,0,0,0,0,0,0,0,0,0,0,0,0,0,0,0,0,0,0,0,0,0,0,0,0,0,0,0,0,0,0,0,0,0,0,0,0,0,0,0
111,"ISR","Israel",4,"HaMerkaz",,,,,,,,,,,"2010",,,,815.703016801314,1007.35355492794,1183.5063347094,118.45,109.690221701126,302,0.517994100294985,0.461946902654867,0.0200589970501475,0,2,"Jews of Israel, Jordan and Palestine Arabs",2,"ARABIC, SOUTH LEVANTINE SPOKEN, HEBREW",4,"Kefar Sava, Rosh Ha'ayin, Tel Aviv-yafo",1,"Levantine Basin",12.7822297797724,133,398.251697126706,1463.58550990057,0.272106887115712,21.7555556297302,44.4133335035294,0,0,0,0,0,0,0,0,0,0,0,0,0,0,0,0,0,0,0,0,0,0,0,0,0,0,0,0,0,0,0,0,0,0,0,0,0,0,0,0,0,0,0,0
111,"ISR","Israel",4,"HaMerkaz",,,,,,,,,,,"2011",,,,815.703016801314,1007.35355492794,1183.5063347094,118.45,109.690221701126,302,0.517994100294985,0.461946902654867,0.0200589970501475,0,2,"Jews of Israel, Jordan and Palestine Arabs",2,"ARABIC, SOUTH LEVANTINE SPOKEN, HEBREW",4,"Kefar Sava, Rosh Ha'ayin, Tel Aviv-yafo",1,"Levantine Basin",12.7822297797724,133,398.251697126706,1463.58550990057,0.272106887115712,19.4666666454739,51.2133329963932,0,0,0,0,0,0,0,0,0,0,0,0,0,0,0,0,0,0,0,0,0,0,0,0,0,0,0,0,0,0,0,0,0,0,0,0,0,0,0,0,0,0,0,0
111,"ISR","Israel",4,"HaMerkaz",,,,,,,,,,,"2012",,,,815.703016801314,1007.35355492794,1183.5063347094,118.45,109.690221701126,302,0.517994100294985,0.461946902654867,0.0200589970501475,0,2,"Jews of Israel, Jordan and Palestine Arabs",2,"ARABIC, SOUTH LEVANTINE SPOKEN, HEBREW",4,"Kefar Sava, Rosh Ha'ayin, Tel Aviv-yafo",1,"Levantine Basin",12.7822297797724,133,398.251697126706,1463.58550990057,0.272106887115712,20.3833332856496,54.1066667319586,0,0,0,0,0,0,0,0,0,0,0,0,0,0,0,0,0,0,0,0,0,0,0,0,0,0,0,0,0,0,0,0,0,0,0,0,0,0,0,0,0,0,0,0
111,"ISR","Israel",4,"HaMerkaz",,,,,,,,,,,"2013",,,,815.703016801314,1007.35355492794,1183.5063347094,118.45,109.690221701126,302,0.517994100294985,0.461946902654867,0.0200589970501475,0,2,"Jews of Israel, Jordan and Palestine Arabs",2,"ARABIC, SOUTH LEVANTINE SPOKEN, HEBREW",4,"Kefar Sava, Rosh Ha'ayin, Tel Aviv-yafo",1,"Levantine Basin",12.7822297797724,133,398.251697126706,1463.58550990057,0.272106887115712,20.1500000423855,56.3433327383051,0,0,0,0,0,0,0,0,0,0,0,0,0,0,0,0,0,0,0,0,0,0,0,0,0,0,0,0,0,0,0,0,0,0,0,0,0,0,0,0,0,0,0,0
111,"ISR","Israel",4,"HaMerkaz",,,,,,,,,,,"2014",,,,815.703016801314,1007.35355492794,1183.5063347094,118.45,109.690221701126,302,0.517994100294985,0.461946902654867,0.0200589970501475,0,2,"Jews of Israel, Jordan and Palestine Arabs",2,"ARABIC, SOUTH LEVANTINE SPOKEN, HEBREW",4,"Kefar Sava, Rosh Ha'ayin, Tel Aviv-yafo",1,"Levantine Basin",12.7822297797724,133,398.251697126706,1463.58550990057,0.272106887115712,21.1033333778381,21.7766666803509,0,0,0,0,0,0,0,0,0,0,0,0,0,0,0,0,0,0,0,0,0,0,0,0,0,0,0,0,0,0,0,0,0,0,0,0,0,0,0,0,0,0,0,0
111,"ISR","Israel",5,"HaZafon",,,,,,,,,,,"1995",,,,247.726121697059,292.670018866123,329.69861148932,140.84,242.538644932543,718,0.743767879035554,0.227625664078463,0.0239068246832857,0.0018389865140989,4,"Jews of Israel, Jordan and Palestine Arabs, Lebanon Arabs, Syria Arabs",6,"ADYGHE, ARABIC, LEVANTINE BEDAWI SPOKEN, ARABIC, NAJDI SPOKEN, ARABIC, NORTH LEVANTINE SPOKEN, ARABIC, SOUTH LEVANTINE SPOKEN, HEBREW",4,"Nahariyya, Nazerat, Teverya (tiberias)",0,"",17.6308205687328,104,559.525924501606,4201.03679110716,0.133187580191162,19.0166668891907,18.9899996370077,0,0,0,0,0,0,0,0,0,0,0,0,0,0,0,0,0,0,0,0,0,0,0,0,0,0,0,0,0,0,0,0,0,0,0,0,0,0,0,0,0,0,0,0
111,"ISR","Israel",5,"HaZafon",,,,,,,,,,,"1996",,,,247.726121697059,292.670018866123,329.69861148932,140.84,242.538644932543,718,0.743767879035554,0.227625664078463,0.0239068246832857,0.0018389865140989,4,"Jews of Israel, Jordan and Palestine Arabs, Lebanon Arabs, Syria Arabs",6,"ADYGHE, ARABIC, LEVANTINE BEDAWI SPOKEN, ARABIC, NAJDI SPOKEN, ARABIC, NORTH LEVANTINE SPOKEN, ARABIC, SOUTH LEVANTINE SPOKEN, HEBREW",4,"Nahariyya, Nazerat, Teverya (tiberias)",0,"",17.6308205687328,104,559.525924501606,4201.03679110716,0.133187580191162,19.4749999046326,31.0399996042252,0,0,0,0,0,0,0,0,0,0,0,0,0,0,0,0,0,0,0,0,0,0,0,0,0,0,0,0,0,0,0,0,0,0,0,0,0,0,0,0,0,0,0,0
111,"ISR","Israel",5,"HaZafon",,,,,,,,,,,"1997",,,,247.726121697059,292.670018866123,329.69861148932,140.84,242.538644932543,718,0.743767879035554,0.227625664078463,0.0239068246832857,0.0018389865140989,4,"Jews of Israel, Jordan and Palestine Arabs, Lebanon Arabs, Syria Arabs",6,"ADYGHE, ARABIC, LEVANTINE BEDAWI SPOKEN, ARABIC, NAJDI SPOKEN, ARABIC, NORTH LEVANTINE SPOKEN, ARABIC, SOUTH LEVANTINE SPOKEN, HEBREW",4,"Nahariyya, Nazerat, Teverya (tiberias)",0,"",17.6308205687328,104,559.525924501606,4201.03679110716,0.133187580191162,18.8249999682109,40.0099998414516,0,0,0,0,0,0,0,0,0,0,0,0,0,0,0,0,0,0,0,0,0,0,0,0,0,0,0,0,0,0,0,0,0,0,0,0,0,0,0,0,0,0,0,0
111,"ISR","Israel",5,"HaZafon",,,,,,,,,,,"1998",,,,247.726121697059,292.670018866123,329.69861148932,140.84,242.538644932543,718,0.743767879035554,0.227625664078463,0.0239068246832857,0.0018389865140989,4,"Jews of Israel, Jordan and Palestine Arabs, Lebanon Arabs, Syria Arabs",6,"ADYGHE, ARABIC, LEVANTINE BEDAWI SPOKEN, ARABIC, NAJDI SPOKEN, ARABIC, NORTH LEVANTINE SPOKEN, ARABIC, SOUTH LEVANTINE SPOKEN, HEBREW",4,"Nahariyya, Nazerat, Teverya (tiberias)",0,"",17.6308205687328,104,559.525924501606,4201.03679110716,0.133187580191162,19.9250000317891,30.0200000852346,0,0,0,0,0,0,0,0,0,0,0,0,0,0,0,0,0,0,0,0,0,0,0,0,0,0,0,0,0,0,0,0,0,0,0,0,0,0,0,0,0,0,0,0
111,"ISR","Israel",5,"HaZafon",,,,,,,,,,,"1999",,,,247.726121697059,292.670018866123,329.69861148932,140.84,242.538644932543,718,0.743767879035554,0.227625664078463,0.0239068246832857,0.0018389865140989,4,"Jews of Israel, Jordan and Palestine Arabs, Lebanon Arabs, Syria Arabs",6,"ADYGHE, ARABIC, LEVANTINE BEDAWI SPOKEN, ARABIC, NAJDI SPOKEN, ARABIC, NORTH LEVANTINE SPOKEN, ARABIC, SOUTH LEVANTINE SPOKEN, HEBREW",4,"Nahariyya, Nazerat, Teverya (tiberias)",0,"",17.6308205687328,104,559.525924501606,4201.03679110716,0.133187580191162,19.9583334922791,25.0699994936585,0,0,0,0,0,0,0,0,0,0,0,0,0,0,0,0,0,0,0,0,0,0,0,0,0,0,0,0,0,0,0,0,0,0,0,0,0,0,0,0,0,0,0,0
111,"ISR","Israel",5,"HaZafon",,,,,,,,,,,"2000",,,,247.726121697059,292.670018866123,329.69861148932,140.84,242.538644932543,718,0.743767879035554,0.227625664078463,0.0239068246832857,0.0018389865140989,4,"Jews of Israel, Jordan and Palestine Arabs, Lebanon Arabs, Syria Arabs",6,"ADYGHE, ARABIC, LEVANTINE BEDAWI SPOKEN, ARABIC, NAJDI SPOKEN, ARABIC, NORTH LEVANTINE SPOKEN, ARABIC, SOUTH LEVANTINE SPOKEN, HEBREW",4,"Nahariyya, Nazerat, Teverya (tiberias)",0,"",17.6308205687328,104,559.525924501606,4201.03679110716,0.133187580191162,19.3166666030884,50.339999422431,0,0,0,0,0,0,0,0,0,0,0,0,0,0,0,0,0,0,0,0,0,0,0,0,0,0,0,0,0,0,0,0,0,0,0,0,0,0,0,0,0,0,0,0
111,"ISR","Israel",5,"HaZafon",,,,,,,,,,,"2001",,,,247.726121697059,292.670018866123,329.69861148932,140.84,242.538644932543,718,0.743767879035554,0.227625664078463,0.0239068246832857,0.0018389865140989,4,"Jews of Israel, Jordan and Palestine Arabs, Lebanon Arabs, Syria Arabs",6,"ADYGHE, ARABIC, LEVANTINE BEDAWI SPOKEN, ARABIC, NAJDI SPOKEN, ARABIC, NORTH LEVANTINE SPOKEN, ARABIC, SOUTH LEVANTINE SPOKEN, HEBREW",4,"Nahariyya, Nazerat, Teverya (tiberias)",0,"",17.6308205687328,104,559.525924501606,4201.03679110716,0.133187580191162,20.0333332220713,45.8200007677078,0,0,0,0,0,0,0,0,0,0,0,0,0,0,0,0,0,0,0,0,0,0,0,0,0,0,0,0,0,0,0,0,0,0,0,0,0,0,0,0,0,0,0,0
111,"ISR","Israel",5,"HaZafon",,,,,,,,,,,"2002",,,,247.726121697059,292.670018866123,329.69861148932,140.84,242.538644932543,718,0.743767879035554,0.227625664078463,0.0239068246832857,0.0018389865140989,4,"Jews of Israel, Jordan and Palestine Arabs, Lebanon Arabs, Syria Arabs",6,"ADYGHE, ARABIC, LEVANTINE BEDAWI SPOKEN, ARABIC, NAJDI SPOKEN, ARABIC, NORTH LEVANTINE SPOKEN, ARABIC, SOUTH LEVANTINE SPOKEN, HEBREW",4,"Nahariyya, Nazerat, Teverya (tiberias)",0,"",17.6308205687328,104,559.525924501606,4201.03679110716,0.133187580191162,19.9833334287008,59.2900018170476,0,2,0,1,0,0,3,0,0,0,0,0,0,0,2,0,0,0,0,0,0,0,1,0,3,3,1,0,0,0,0,0,2,2,0,0,0,0,0,0,1,1,1,0
111,"ISR","Israel",5,"HaZafon",,,,,,,,,,,"2003",,,,247.726121697059,292.670018866123,329.69861148932,140.84,242.538644932543,718,0.743767879035554,0.227625664078463,0.0239068246832857,0.0018389865140989,4,"Jews of Israel, Jordan and Palestine Arabs, Lebanon Arabs, Syria Arabs",6,"ADYGHE, ARABIC, LEVANTINE BEDAWI SPOKEN, ARABIC, NAJDI SPOKEN, ARABIC, NORTH LEVANTINE SPOKEN, ARABIC, SOUTH LEVANTINE SPOKEN, HEBREW",4,"Nahariyya, Nazerat, Teverya (tiberias)",0,"",17.6308205687328,104,559.525924501606,4201.03679110716,0.133187580191162,19.8249999682109,65.1800001636147,0,0,0,0,0,0,0,0,0,0,0,0,0,0,0,0,0,0,0,0,0,0,0,0,0,0,0,0,0,0,0,0,0,0,0,0,0,0,0,0,0,0,0,0
111,"ISR","Israel",5,"HaZafon",,,,,,,,,,,"2004",,,,247.726121697059,292.670018866123,329.69861148932,140.84,242.538644932543,718,0.743767879035554,0.227625664078463,0.0239068246832857,0.0018389865140989,4,"Jews of Israel, Jordan and Palestine Arabs, Lebanon Arabs, Syria Arabs",6,"ADYGHE, ARABIC, LEVANTINE BEDAWI SPOKEN, ARABIC, NAJDI SPOKEN, ARABIC, NORTH LEVANTINE SPOKEN, ARABIC, SOUTH LEVANTINE SPOKEN, HEBREW",4,"Nahariyya, Nazerat, Teverya (tiberias)",0,"",17.6308205687328,104,559.525924501606,4201.03679110716,0.133187580191162,19.6500002543132,47.9600020051003,0,0,0,0,0,0,0,0,0,0,0,0,0,0,0,0,0,0,0,0,0,0,0,0,0,0,0,0,0,0,0,0,0,0,0,0,0,0,0,0,0,0,0,0
111,"ISR","Israel",5,"HaZafon",,,,,,,,,,,"2005",,,,247.726121697059,292.670018866123,329.69861148932,140.84,242.538644932543,718,0.743767879035554,0.227625664078463,0.0239068246832857,0.0018389865140989,4,"Jews of Israel, Jordan and Palestine Arabs, Lebanon Arabs, Syria Arabs",6,"ADYGHE, ARABIC, LEVANTINE BEDAWI SPOKEN, ARABIC, NAJDI SPOKEN, ARABIC, NORTH LEVANTINE SPOKEN, ARABIC, SOUTH LEVANTINE SPOKEN, HEBREW",4,"Nahariyya, Nazerat, Teverya (tiberias)",0,"",17.6308205687328,104,559.525924501606,4201.03679110716,0.133187580191162,19.7249999841054,52.5900006815791,0,0,0,0,0,0,0,0,0,0,0,0,0,0,0,0,0,0,0,0,0,0,0,0,0,0,0,0,0,0,0,0,0,0,0,0,0,0,0,0,0,0,0,0
111,"ISR","Israel",5,"HaZafon",,,,,,,,,,,"2006",,,,247.726121697059,292.670018866123,329.69861148932,140.84,242.538644932543,718,0.743767879035554,0.227625664078463,0.0239068246832857,0.0018389865140989,4,"Jews of Israel, Jordan and Palestine Arabs, Lebanon Arabs, Syria Arabs",6,"ADYGHE, ARABIC, LEVANTINE BEDAWI SPOKEN, ARABIC, NAJDI SPOKEN, ARABIC, NORTH LEVANTINE SPOKEN, ARABIC, SOUTH LEVANTINE SPOKEN, HEBREW",4,"Nahariyya, Nazerat, Teverya (tiberias)",0,"",17.6308205687328,104,559.525924501606,4201.03679110716,0.133187580191162,19.7249998251597,46.8800002336502,0,1,0,0,0,0,1,0,0,0,0,0,0,0,1,0,0,0,0,0,0,0,0,0,1,1,1,0,0,0,0,0,1,1,1,0,0,0,0,0,0,0,0,0
111,"ISR","Israel",5,"HaZafon",,,,,,,,,,,"2007",,,,247.726121697059,292.670018866123,329.69861148932,140.84,242.538644932543,718,0.743767879035554,0.227625664078463,0.0239068246832857,0.0018389865140989,4,"Jews of Israel, Jordan and Palestine Arabs, Lebanon Arabs, Syria Arabs",6,"ADYGHE, ARABIC, LEVANTINE BEDAWI SPOKEN, ARABIC, NAJDI SPOKEN, ARABIC, NORTH LEVANTINE SPOKEN, ARABIC, SOUTH LEVANTINE SPOKEN, HEBREW",4,"Nahariyya, Nazerat, Teverya (tiberias)",0,"",17.6308205687328,104,559.525924501606,4201.03679110716,0.133187580191162,20.3166667620341,50.5399995446205,0,0,0,0,0,0,0,0,0,0,0,0,0,0,0,0,0,0,0,0,0,0,0,0,0,0,0,0,0,0,0,0,0,0,0,0,0,0,0,0,0,0,0,0
111,"ISR","Israel",5,"HaZafon",,,,,,,,,,,"2008",,,,247.726121697059,292.670018866123,329.69861148932,140.84,242.538644932543,718,0.743767879035554,0.227625664078463,0.0239068246832857,0.0018389865140989,4,"Jews of Israel, Jordan and Palestine Arabs, Lebanon Arabs, Syria Arabs",6,"ADYGHE, ARABIC, LEVANTINE BEDAWI SPOKEN, ARABIC, NAJDI SPOKEN, ARABIC, NORTH LEVANTINE SPOKEN, ARABIC, SOUTH LEVANTINE SPOKEN, HEBREW",4,"Nahariyya, Nazerat, Teverya (tiberias)",0,"",17.6308205687328,104,559.525924501606,4201.03679110716,0.133187580191162,20.6333334445953,39.1100001912564,0,0,0,0,0,0,0,0,0,0,0,0,0,0,0,0,0,0,0,0,0,0,0,0,0,0,0,0,0,0,0,0,0,0,0,0,0,0,0,0,0,0,0,0
111,"ISR","Israel",5,"HaZafon",,,,,,,,,,,"2009",,,,247.726121697059,292.670018866123,329.69861148932,140.84,242.538644932543,718,0.743767879035554,0.227625664078463,0.0239068246832857,0.0018389865140989,4,"Jews of Israel, Jordan and Palestine Arabs, Lebanon Arabs, Syria Arabs",6,"ADYGHE, ARABIC, LEVANTINE BEDAWI SPOKEN, ARABIC, NAJDI SPOKEN, ARABIC, NORTH LEVANTINE SPOKEN, ARABIC, SOUTH LEVANTINE SPOKEN, HEBREW",4,"Nahariyya, Nazerat, Teverya (tiberias)",0,"",17.6308205687328,104,559.525924501606,4201.03679110716,0.133187580191162,20.5833332538605,61.6099988222122,0,0,0,0,0,0,0,0,0,0,0,0,0,0,0,0,0,0,0,0,0,0,0,0,0,0,0,0,0,0,0,0,0,0,0,0,0,0,0,0,0,0,0,0
111,"ISR","Israel",5,"HaZafon",,,,,,,,,,,"2010",,,,247.726121697059,292.670018866123,329.69861148932,140.84,242.538644932543,718,0.743767879035554,0.227625664078463,0.0239068246832857,0.0018389865140989,4,"Jews of Israel, Jordan and Palestine Arabs, Lebanon Arabs, Syria Arabs",6,"ADYGHE, ARABIC, LEVANTINE BEDAWI SPOKEN, ARABIC, NAJDI SPOKEN, ARABIC, NORTH LEVANTINE SPOKEN, ARABIC, SOUTH LEVANTINE SPOKEN, HEBREW",4,"Nahariyya, Nazerat, Teverya (tiberias)",0,"",17.6308205687328,104,559.525924501606,4201.03679110716,0.133187580191162,21.9500000476837,40.260000564158,0,0,0,0,0,0,0,0,0,0,0,0,0,0,0,0,0,0,0,0,0,0,0,0,0,0,0,0,0,0,0,0,0,0,0,0,0,0,0,0,0,0,0,0
111,"ISR","Israel",5,"HaZafon",,,,,,,,,,,"2011",,,,247.726121697059,292.670018866123,329.69861148932,140.84,242.538644932543,718,0.743767879035554,0.227625664078463,0.0239068246832857,0.0018389865140989,4,"Jews of Israel, Jordan and Palestine Arabs, Lebanon Arabs, Syria Arabs",6,"ADYGHE, ARABIC, LEVANTINE BEDAWI SPOKEN, ARABIC, NAJDI SPOKEN, ARABIC, NORTH LEVANTINE SPOKEN, ARABIC, SOUTH LEVANTINE SPOKEN, HEBREW",4,"Nahariyya, Nazerat, Teverya (tiberias)",0,"",17.6308205687328,104,559.525924501606,4201.03679110716,0.133187580191162,19.8249999682109,56.7000012695789,0,0,0,0,0,0,0,0,0,0,0,0,0,0,0,0,0,0,0,0,0,0,0,0,0,0,0,0,0,0,0,0,0,0,0,0,0,0,0,0,0,0,0,0
111,"ISR","Israel",5,"HaZafon",,,,,,,,,,,"2012",,,,247.726121697059,292.670018866123,329.69861148932,140.84,242.538644932543,718,0.743767879035554,0.227625664078463,0.0239068246832857,0.0018389865140989,4,"Jews of Israel, Jordan and Palestine Arabs, Lebanon Arabs, Syria Arabs",6,"ADYGHE, ARABIC, LEVANTINE BEDAWI SPOKEN, ARABIC, NAJDI SPOKEN, ARABIC, NORTH LEVANTINE SPOKEN, ARABIC, SOUTH LEVANTINE SPOKEN, HEBREW",4,"Nahariyya, Nazerat, Teverya (tiberias)",0,"",17.6308205687328,104,559.525924501606,4201.03679110716,0.133187580191162,20.5916667779287,61.6900001261383,0,0,0,0,0,0,0,0,0,0,0,0,0,0,0,0,0,0,0,0,0,0,0,0,0,0,0,0,0,0,0,0,0,0,0,0,0,0,0,0,0,0,0,0
111,"ISR","Israel",5,"HaZafon",,,,,,,,,,,"2013",,,,247.726121697059,292.670018866123,329.69861148932,140.84,242.538644932543,718,0.743767879035554,0.227625664078463,0.0239068246832857,0.0018389865140989,4,"Jews of Israel, Jordan and Palestine Arabs, Lebanon Arabs, Syria Arabs",6,"ADYGHE, ARABIC, LEVANTINE BEDAWI SPOKEN, ARABIC, NAJDI SPOKEN, ARABIC, NORTH LEVANTINE SPOKEN, ARABIC, SOUTH LEVANTINE SPOKEN, HEBREW",4,"Nahariyya, Nazerat, Teverya (tiberias)",0,"",17.6308205687328,104,559.525924501606,4201.03679110716,0.133187580191162,20.4500001271566,56.9300004020333,0,0,0,0,0,0,0,0,0,0,0,0,0,0,0,0,0,0,0,0,0,0,0,0,0,0,0,0,0,0,0,0,0,0,0,0,0,0,0,0,0,0,0,0
111,"ISR","Israel",5,"HaZafon",,,,,,,,,,,"2014",,,,247.726121697059,292.670018866123,329.69861148932,140.84,242.538644932543,718,0.743767879035554,0.227625664078463,0.0239068246832857,0.0018389865140989,4,"Jews of Israel, Jordan and Palestine Arabs, Lebanon Arabs, Syria Arabs",6,"ADYGHE, ARABIC, LEVANTINE BEDAWI SPOKEN, ARABIC, NAJDI SPOKEN, ARABIC, NORTH LEVANTINE SPOKEN, ARABIC, SOUTH LEVANTINE SPOKEN, HEBREW",4,"Nahariyya, Nazerat, Teverya (tiberias)",0,"",17.6308205687328,104,559.525924501606,4201.03679110716,0.133187580191162,21.339999961853,17.0899999812245,0,0,0,0,0,0,0,0,0,0,0,0,0,0,0,0,0,0,0,0,0,0,0,0,0,0,0,0,0,0,0,0,0,0,0,0,0,0,0,0,0,0,0,0
111,"ISR","Israel",6,"Jerusalem",,,,,,,,,,,"1995",,,,860.795215606689,1046.27881622314,1209.28026771545,504.111111111111,178.505913378552,713,0.53904282115869,0.46095717884131,0,0,2,"Jews of Israel, Jordan and Palestine Arabs",2,"ARABIC, SOUTH LEVANTINE SPOKEN, HEBREW",2,"Al Quds (jerusalem)",1,"Levantine Basin",24.4366286256045,9,59.1442025074213,687.465927435573,0.0860321946835163,19.2000001271566,24.3299996452406,0,0,0,0,0,0,0,0,0,0,0,0,0,0,0,0,0,0,0,0,0,0,0,0,0,0,0,0,0,0,0,0,0,0,0,0,0,0,0,0,0,0,0,0
111,"ISR","Israel",6,"Jerusalem",,,,,,,,,,,"1996",,,,860.795215606689,1046.27881622314,1209.28026771545,504.111111111111,178.505913378552,713,0.53904282115869,0.46095717884131,0,0,2,"Jews of Israel, Jordan and Palestine Arabs",2,"ARABIC, SOUTH LEVANTINE SPOKEN, HEBREW",2,"Al Quds (jerusalem)",1,"Levantine Basin",24.4366286256045,9,59.1442025074213,687.465927435573,0.0860321946835163,19.6041666269302,43.7900001155213,1,1,0,0,0,0,2,0,0,0,1,0,0,0,1,0,0,0,0,0,0,0,0,0,2,1,1,0,1,0,1,0,1,1,0,0,0,0,0,0,0,0,0,0
111,"ISR","Israel",6,"Jerusalem",,,,,,,,,,,"1997",,,,860.795215606689,1046.27881622314,1209.28026771545,504.111111111111,178.505913378552,713,0.53904282115869,0.46095717884131,0,0,2,"Jews of Israel, Jordan and Palestine Arabs",2,"ARABIC, SOUTH LEVANTINE SPOKEN, HEBREW",2,"Al Quds (jerusalem)",1,"Levantine Basin",24.4366286256045,9,59.1442025074213,687.465927435573,0.0860321946835163,18.991666674614,55.1800000127405,0,2,0,0,0,0,2,0,0,0,0,0,0,0,2,0,0,0,0,0,0,0,0,0,2,2,0,1,0,0,0,0,2,2,0,1,0,0,0,0,0,0,0,0
111,"ISR","Israel",6,"Jerusalem",,,,,,,,,,,"1998",,,,860.795215606689,1046.27881622314,1209.28026771545,504.111111111111,178.505913378552,713,0.53904282115869,0.46095717884131,0,0,2,"Jews of Israel, Jordan and Palestine Arabs",2,"ARABIC, SOUTH LEVANTINE SPOKEN, HEBREW",2,"Al Quds (jerusalem)",1,"Levantine Basin",24.4366286256045,9,59.1442025074213,687.465927435573,0.0860321946835163,20.2291666269302,29.0349996415898,0,0,0,0,0,0,0,0,0,0,0,0,0,0,0,0,0,0,0,0,0,0,0,0,0,0,0,0,0,0,0,0,0,0,0,0,0,0,0,0,0,0,0,0
111,"ISR","Israel",6,"Jerusalem",,,,,,,,,,,"1999",,,,860.795215606689,1046.27881622314,1209.28026771545,504.111111111111,178.505913378552,713,0.53904282115869,0.46095717884131,0,0,2,"Jews of Israel, Jordan and Palestine Arabs",2,"ARABIC, SOUTH LEVANTINE SPOKEN, HEBREW",2,"Al Quds (jerusalem)",1,"Levantine Basin",24.4366286256045,9,59.1442025074213,687.465927435573,0.0860321946835163,20.2125002145767,21.8849997306243,0,0,0,0,0,0,0,0,0,0,0,0,0,0,0,0,0,0,0,0,0,0,0,0,0,0,0,0,0,0,0,0,0,0,0,0,0,0,0,0,0,0,0,0
111,"ISR","Israel",6,"Jerusalem",,,,,,,,,,,"2000",,,,860.795215606689,1046.27881622314,1209.28026771545,504.111111111111,178.505913378552,713,0.53904282115869,0.46095717884131,0,0,2,"Jews of Israel, Jordan and Palestine Arabs",2,"ARABIC, SOUTH LEVANTINE SPOKEN, HEBREW",2,"Al Quds (jerusalem)",1,"Levantine Basin",24.4366286256045,9,59.1442025074213,687.465927435573,0.0860321946835163,19.4749999046326,54.8649990502745,0,0,0,0,0,0,0,0,0,0,0,0,0,0,0,0,0,0,0,0,0,0,0,0,0,0,0,0,0,0,0,0,0,0,0,0,0,0,0,0,0,0,0,0
111,"ISR","Israel",6,"Jerusalem",,,,,,,,,,,"2001",,,,860.795215606689,1046.27881622314,1209.28026771545,504.111111111111,178.505913378552,713,0.53904282115869,0.46095717884131,0,0,2,"Jews of Israel, Jordan and Palestine Arabs",2,"ARABIC, SOUTH LEVANTINE SPOKEN, HEBREW",2,"Al Quds (jerusalem)",1,"Levantine Basin",24.4366286256045,9,59.1442025074213,687.465927435573,0.0860321946835163,20.4250000715256,47.7599999150261,0,2,0,0,0,0,2,0,0,0,0,0,0,0,2,0,0,0,0,0,0,0,0,0,2,2,0,1,0,0,0,0,2,2,0,1,0,0,0,0,0,0,0,0
111,"ISR","Israel",6,"Jerusalem",,,,,,,,,,,"2002",,,,860.795215606689,1046.27881622314,1209.28026771545,504.111111111111,178.505913378552,713,0.53904282115869,0.46095717884131,0,0,2,"Jews of Israel, Jordan and Palestine Arabs",2,"ARABIC, SOUTH LEVANTINE SPOKEN, HEBREW",2,"Al Quds (jerusalem)",1,"Levantine Basin",24.4366286256045,9,59.1442025074213,687.465927435573,0.0860321946835163,20.2125000158946,56.5650002853945,0,8,0,0,0,0,8,0,0,0,0,0,0,0,8,0,0,0,0,0,0,0,0,0,8,8,0,5,0,0,0,0,8,8,0,5,0,0,0,0,0,0,0,0
111,"ISR","Israel",6,"Jerusalem",,,,,,,,,,,"2003",,,,860.795215606689,1046.27881622314,1209.28026771545,504.111111111111,178.505913378552,713,0.53904282115869,0.46095717884131,0,0,2,"Jews of Israel, Jordan and Palestine Arabs",2,"ARABIC, SOUTH LEVANTINE SPOKEN, HEBREW",2,"Al Quds (jerusalem)",1,"Levantine Basin",24.4366286256045,9,59.1442025074213,687.465927435573,0.0860321946835163,20.0500000317891,66.7350005256012,0,3,0,1,0,0,4,0,0,0,0,0,0,0,3,0,0,0,0,0,0,0,1,0,4,4,0,1,0,0,0,0,3,3,0,1,0,0,0,0,1,1,0,0
111,"ISR","Israel",6,"Jerusalem",,,,,,,,,,,"2004",,,,860.795215606689,1046.27881622314,1209.28026771545,504.111111111111,178.505913378552,713,0.53904282115869,0.46095717884131,0,0,2,"Jews of Israel, Jordan and Palestine Arabs",2,"ARABIC, SOUTH LEVANTINE SPOKEN, HEBREW",2,"Al Quds (jerusalem)",1,"Levantine Basin",24.4366286256045,9,59.1442025074213,687.465927435573,0.0860321946835163,20.0416666269302,39.2749993745238,0,2,0,0,0,0,2,0,0,0,0,0,0,0,2,0,0,0,0,0,0,0,0,0,2,2,0,0,0,0,0,0,2,2,0,0,0,0,0,0,0,0,0,0
111,"ISR","Israel",6,"Jerusalem",,,,,,,,,,,"2005",,,,860.795215606689,1046.27881622314,1209.28026771545,504.111111111111,178.505913378552,713,0.53904282115869,0.46095717884131,0,0,2,"Jews of Israel, Jordan and Palestine Arabs",2,"ARABIC, SOUTH LEVANTINE SPOKEN, HEBREW",2,"Al Quds (jerusalem)",1,"Levantine Basin",24.4366286256045,9,59.1442025074213,687.465927435573,0.0860321946835163,20.025000055631,48.1350003676489,0,0,0,0,0,0,0,0,0,0,0,0,0,0,0,0,0,0,0,0,0,0,0,0,0,0,0,0,0,0,0,0,0,0,0,0,0,0,0,0,0,0,0,0
111,"ISR","Israel",6,"Jerusalem",,,,,,,,,,,"2006",,,,860.795215606689,1046.27881622314,1209.28026771545,504.111111111111,178.505913378552,713,0.53904282115869,0.46095717884131,0,0,2,"Jews of Israel, Jordan and Palestine Arabs",2,"ARABIC, SOUTH LEVANTINE SPOKEN, HEBREW",2,"Al Quds (jerusalem)",1,"Levantine Basin",24.4366286256045,9,59.1442025074213,687.465927435573,0.0860321946835163,20.0083333651225,46.2049997644499,0,0,0,0,0,0,0,0,0,0,0,0,0,0,0,0,0,0,0,0,0,0,0,0,0,0,0,0,0,0,0,0,0,0,0,0,0,0,0,0,0,0,0,0
111,"ISR","Israel",6,"Jerusalem",,,,,,,,,,,"2007",,,,860.795215606689,1046.27881622314,1209.28026771545,504.111111111111,178.505913378552,713,0.53904282115869,0.46095717884131,0,0,2,"Jews of Israel, Jordan and Palestine Arabs",2,"ARABIC, SOUTH LEVANTINE SPOKEN, HEBREW",2,"Al Quds (jerusalem)",1,"Levantine Basin",24.4366286256045,9,59.1442025074213,687.465927435573,0.0860321946835163,20.329166730245,42.8549991855398,0,0,0,0,0,0,0,0,0,0,0,0,0,0,0,0,0,0,0,0,0,0,0,0,0,0,0,0,0,0,0,0,0,0,0,0,0,0,0,0,0,0,0,0
111,"ISR","Israel",6,"Jerusalem",,,,,,,,,,,"2008",,,,860.795215606689,1046.27881622314,1209.28026771545,504.111111111111,178.505913378552,713,0.53904282115869,0.46095717884131,0,0,2,"Jews of Israel, Jordan and Palestine Arabs",2,"ARABIC, SOUTH LEVANTINE SPOKEN, HEBREW",2,"Al Quds (jerusalem)",1,"Levantine Basin",24.4366286256045,9,59.1442025074213,687.465927435573,0.0860321946835163,20.404166618983,34.5950002744794,0,0,0,0,0,0,0,0,0,0,0,0,0,0,0,0,0,0,0,0,0,0,0,0,0,0,0,0,0,0,0,0,0,0,0,0,0,0,0,0,0,0,0,0
111,"ISR","Israel",6,"Jerusalem",,,,,,,,,,,"2009",,,,860.795215606689,1046.27881622314,1209.28026771545,504.111111111111,178.505913378552,713,0.53904282115869,0.46095717884131,0,0,2,"Jews of Israel, Jordan and Palestine Arabs",2,"ARABIC, SOUTH LEVANTINE SPOKEN, HEBREW",2,"Al Quds (jerusalem)",1,"Levantine Basin",24.4366286256045,9,59.1442025074213,687.465927435573,0.0860321946835163,20.3916665712992,39.4699993515387,0,0,0,0,0,0,0,0,0,0,0,0,0,0,0,0,0,0,0,0,0,0,0,0,0,0,0,0,0,0,0,0,0,0,0,0,0,0,0,0,0,0,0,0
111,"ISR","Israel",6,"Jerusalem",,,,,,,,,,,"2010",,,,860.795215606689,1046.27881622314,1209.28026771545,504.111111111111,178.505913378552,713,0.53904282115869,0.46095717884131,0,0,2,"Jews of Israel, Jordan and Palestine Arabs",2,"ARABIC, SOUTH LEVANTINE SPOKEN, HEBREW",2,"Al Quds (jerusalem)",1,"Levantine Basin",24.4366286256045,9,59.1442025074213,687.465927435573,0.0860321946835163,21.9416667620341,35.6700000287965,0,0,0,0,0,0,0,0,0,0,0,0,0,0,0,0,0,0,0,0,0,0,0,0,0,0,0,0,0,0,0,0,0,0,0,0,0,0,0,0,0,0,0,0
111,"ISR","Israel",6,"Jerusalem",,,,,,,,,,,"2011",,,,860.795215606689,1046.27881622314,1209.28026771545,504.111111111111,178.505913378552,713,0.53904282115869,0.46095717884131,0,0,2,"Jews of Israel, Jordan and Palestine Arabs",2,"ARABIC, SOUTH LEVANTINE SPOKEN, HEBREW",2,"Al Quds (jerusalem)",1,"Levantine Basin",24.4366286256045,9,59.1442025074213,687.465927435573,0.0860321946835163,19.5666666428248,41.6150000505149,0,0,0,0,0,0,0,0,0,0,0,0,0,0,0,0,0,0,0,0,0,0,0,0,0,0,0,0,0,0,0,0,0,0,0,0,0,0,0,0,0,0,0,0
111,"ISR","Israel",6,"Jerusalem",,,,,,,,,,,"2012",,,,860.795215606689,1046.27881622314,1209.28026771545,504.111111111111,178.505913378552,713,0.53904282115869,0.46095717884131,0,0,2,"Jews of Israel, Jordan and Palestine Arabs",2,"ARABIC, SOUTH LEVANTINE SPOKEN, HEBREW",2,"Al Quds (jerusalem)",1,"Levantine Basin",24.4366286256045,9,59.1442025074213,687.465927435573,0.0860321946835163,20.5666666428248,42.9449996175244,0,0,0,0,0,0,0,0,0,0,0,0,0,0,0,0,0,0,0,0,0,0,0,0,0,0,0,0,0,0,0,0,0,0,0,0,0,0,0,0,0,0,0,0
111,"ISR","Israel",6,"Jerusalem",,,,,,,,,,,"2013",,,,860.795215606689,1046.27881622314,1209.28026771545,504.111111111111,178.505913378552,713,0.53904282115869,0.46095717884131,0,0,2,"Jews of Israel, Jordan and Palestine Arabs",2,"ARABIC, SOUTH LEVANTINE SPOKEN, HEBREW",2,"Al Quds (jerusalem)",1,"Levantine Basin",24.4366286256045,9,59.1442025074213,687.465927435573,0.0860321946835163,20.2291667064031,48.0599993877113,0,0,0,0,0,0,0,0,0,0,0,0,0,0,0,0,0,0,0,0,0,0,0,0,0,0,0,0,0,0,0,0,0,0,0,0,0,0,0,0,0,0,0,0
111,"ISR","Israel",6,"Jerusalem",,,,,,,,,,,"2014",,,,860.795215606689,1046.27881622314,1209.28026771545,504.111111111111,178.505913378552,713,0.53904282115869,0.46095717884131,0,0,2,"Jews of Israel, Jordan and Palestine Arabs",2,"ARABIC, SOUTH LEVANTINE SPOKEN, HEBREW",2,"Al Quds (jerusalem)",1,"Levantine Basin",24.4366286256045,9,59.1442025074213,687.465927435573,0.0860321946835163,21.1450001239777,15.219999848865,0,1,0,0,0,0,1,0,0,0,0,0,0,0,1,0,0,0,0,0,0,0,0,0,1,1,0,0,0,0,0,0,1,1,0,0,0,0,0,0,0,0,0,0
111,"ISR","Israel",7,"Tel Aviv",,,,,,,,,,,"1995",,,,4783.11264648437,5310.92612304687,5604.3642578125,-12.5,12.0208152801713,-4,0.36734693877551,0.63265306122449,0,0,1,"Jews of Israel",1,"HEBREW",2,"Tel Aviv-yafo",1,"Levantine Basin",6.25193510087042,64,114.931984349416,208.597276616618,0.550975478748222,20.1583336194356,25.0299994945526,0,1,0,0,0,0,1,0,0,0,0,0,0,0,1,0,0,0,0,0,0,0,0,0,1,1,0,0,0,0,0,0,1,1,0,0,0,0,0,0,0,0,0,0
111,"ISR","Israel",7,"Tel Aviv",,,,,,,,,,,"1996",,,,4783.11264648437,5310.92612304687,5604.3642578125,-12.5,12.0208152801713,-4,0.36734693877551,0.63265306122449,0,0,1,"Jews of Israel",1,"HEBREW",2,"Tel Aviv-yafo",1,"Levantine Basin",6.25193510087042,64,114.931984349416,208.597276616618,0.550975478748222,20.6999998092651,39.1900001764297,0,1,0,0,0,0,1,0,0,0,0,0,0,0,1,0,0,0,0,0,0,0,0,0,1,1,0,1,0,0,0,0,1,1,0,1,0,0,0,0,0,0,0,0
111,"ISR","Israel",7,"Tel Aviv",,,,,,,,,,,"1997",,,,4783.11264648437,5310.92612304687,5604.3642578125,-12.5,12.0208152801713,-4,0.36734693877551,0.63265306122449,0,0,1,"Jews of Israel",1,"HEBREW",2,"Tel Aviv-yafo",1,"Levantine Basin",6.25193510087042,64,114.931984349416,208.597276616618,0.550975478748222,20.1249999205271,47.9200001582503,0,0,0,0,0,0,0,0,0,0,0,0,0,0,0,0,0,0,0,0,0,0,0,0,0,0,0,0,0,0,0,0,0,0,0,0,0,0,0,0,0,0,0,0
111,"ISR","Israel",7,"Tel Aviv",,,,,,,,,,,"1998",,,,4783.11264648437,5310.92612304687,5604.3642578125,-12.5,12.0208152801713,-4,0.36734693877551,0.63265306122449,0,0,1,"Jews of Israel",1,"HEBREW",2,"Tel Aviv-yafo",1,"Levantine Basin",6.25193510087042,64,114.931984349416,208.597276616618,0.550975478748222,21.3333333333333,28.3999994210899,0,0,0,0,0,0,0,0,0,0,0,0,0,0,0,0,0,0,0,0,0,0,0,0,0,0,0,0,0,0,0,0,0,0,0,0,0,0,0,0,0,0,0,0
111,"ISR","Israel",7,"Tel Aviv",,,,,,,,,,,"1999",,,,4783.11264648437,5310.92612304687,5604.3642578125,-12.5,12.0208152801713,-4,0.36734693877551,0.63265306122449,0,0,1,"Jews of Israel",1,"HEBREW",2,"Tel Aviv-yafo",1,"Levantine Basin",6.25193510087042,64,114.931984349416,208.597276616618,0.550975478748222,21.2750002543132,24.2999995425344,0,0,0,0,0,0,0,0,0,0,0,0,0,0,0,0,0,0,0,0,0,0,0,0,0,0,0,0,0,0,0,0,0,0,0,0,0,0,0,0,0,0,0,0
111,"ISR","Israel",7,"Tel Aviv",,,,,,,,,,,"2000",,,,4783.11264648437,5310.92612304687,5604.3642578125,-12.5,12.0208152801713,-4,0.36734693877551,0.63265306122449,0,0,1,"Jews of Israel",1,"HEBREW",2,"Tel Aviv-yafo",1,"Levantine Basin",6.25193510087042,64,114.931984349416,208.597276616618,0.550975478748222,20.5333330631256,57.3399975001812,0,0,0,0,0,0,0,0,0,0,0,0,0,0,0,0,0,0,0,0,0,0,0,0,0,0,0,0,0,0,0,0,0,0,0,0,0,0,0,0,0,0,0,0
111,"ISR","Israel",7,"Tel Aviv",,,,,,,,,,,"2001",,,,4783.11264648437,5310.92612304687,5604.3642578125,-12.5,12.0208152801713,-4,0.36734693877551,0.63265306122449,0,0,1,"Jews of Israel",1,"HEBREW",2,"Tel Aviv-yafo",1,"Levantine Basin",6.25193510087042,64,114.931984349416,208.597276616618,0.550975478748222,21.2583333651225,44.4300008006394,0,1,0,1,0,0,2,0,0,0,0,0,0,0,1,0,0,0,0,0,0,0,1,0,2,2,0,0,0,0,0,0,1,1,0,0,0,0,0,0,1,1,0,0
111,"ISR","Israel",7,"Tel Aviv",,,,,,,,,,,"2002",,,,4783.11264648437,5310.92612304687,5604.3642578125,-12.5,12.0208152801713,-4,0.36734693877551,0.63265306122449,0,0,1,"Jews of Israel",1,"HEBREW",2,"Tel Aviv-yafo",1,"Levantine Basin",6.25193510087042,64,114.931984349416,208.597276616618,0.550975478748222,21.1833335558573,51.9699991643429,0,1,0,1,0,0,2,0,0,0,0,0,0,0,1,0,0,0,0,0,0,0,1,0,2,2,0,1,0,0,0,0,1,1,0,0,0,0,0,0,1,1,0,1
111,"ISR","Israel",7,"Tel Aviv",,,,,,,,,,,"2003",,,,4783.11264648437,5310.92612304687,5604.3642578125,-12.5,12.0208152801713,-4,0.36734693877551,0.63265306122449,0,0,1,"Jews of Israel",1,"HEBREW",2,"Tel Aviv-yafo",1,"Levantine Basin",6.25193510087042,64,114.931984349416,208.597276616618,0.550975478748222,21.0416667461395,60.8100008964539,0,2,0,0,0,0,2,0,0,0,0,0,0,0,2,0,0,0,0,0,0,0,0,0,2,2,0,0,0,0,0,0,2,2,0,0,0,0,0,0,0,0,0,0
111,"ISR","Israel",7,"Tel Aviv",,,,,,,,,,,"2004",,,,4783.11264648437,5310.92612304687,5604.3642578125,-12.5,12.0208152801713,-4,0.36734693877551,0.63265306122449,0,0,1,"Jews of Israel",1,"HEBREW",2,"Tel Aviv-yafo",1,"Levantine Basin",6.25193510087042,64,114.931984349416,208.597276616618,0.550975478748222,20.9249998728434,38.4299991521984,0,0,0,0,0,0,0,0,0,0,0,0,0,0,0,0,0,0,0,0,0,0,0,0,0,0,0,0,0,0,0,0,0,0,0,0,0,0,0,0,0,0,0,0
111,"ISR","Israel",7,"Tel Aviv",,,,,,,,,,,"2005",,,,4783.11264648437,5310.92612304687,5604.3642578125,-12.5,12.0208152801713,-4,0.36734693877551,0.63265306122449,0,0,1,"Jews of Israel",1,"HEBREW",2,"Tel Aviv-yafo",1,"Levantine Basin",6.25193510087042,64,114.931984349416,208.597276616618,0.550975478748222,20.9666667779287,42.8799995481968,0,0,0,0,0,0,0,0,0,0,0,0,0,0,0,0,0,0,0,0,0,0,0,0,0,0,0,0,0,0,0,0,0,0,0,0,0,0,0,0,0,0,0,0
111,"ISR","Israel",7,"Tel Aviv",,,,,,,,,,,"2006",,,,4783.11264648437,5310.92612304687,5604.3642578125,-12.5,12.0208152801713,-4,0.36734693877551,0.63265306122449,0,0,1,"Jews of Israel",1,"HEBREW",2,"Tel Aviv-yafo",1,"Levantine Basin",6.25193510087042,64,114.931984349416,208.597276616618,0.550975478748222,20.9750000635783,47.9599988758564,0,1,0,0,0,0,1,0,0,0,0,0,0,0,1,0,0,0,0,0,0,0,0,0,1,1,0,1,0,0,0,0,1,1,0,1,0,0,0,0,0,0,0,0
111,"ISR","Israel",7,"Tel Aviv",,,,,,,,,,,"2007",,,,4783.11264648437,5310.92612304687,5604.3642578125,-12.5,12.0208152801713,-4,0.36734693877551,0.63265306122449,0,0,1,"Jews of Israel",1,"HEBREW",2,"Tel Aviv-yafo",1,"Levantine Basin",6.25193510087042,64,114.931984349416,208.597276616618,0.550975478748222,21.3333332538605,38.6699996814132,0,0,0,0,0,0,0,0,0,0,0,0,0,0,0,0,0,0,0,0,0,0,0,0,0,0,0,0,0,0,0,0,0,0,0,0,0,0,0,0,0,0,0,0
111,"ISR","Israel",7,"Tel Aviv",,,,,,,,,,,"2008",,,,4783.11264648437,5310.92612304687,5604.3642578125,-12.5,12.0208152801713,-4,0.36734693877551,0.63265306122449,0,0,1,"Jews of Israel",1,"HEBREW",2,"Tel Aviv-yafo",1,"Levantine Basin",6.25193510087042,64,114.931984349416,208.597276616618,0.550975478748222,21.4916666348775,34.9900010377169,0,0,0,0,0,0,0,0,0,0,0,0,0,0,0,0,0,0,0,0,0,0,0,0,0,0,0,0,0,0,0,0,0,0,0,0,0,0,0,0,0,0,0,0
111,"ISR","Israel",7,"Tel Aviv",,,,,,,,,,,"2009",,,,4783.11264648437,5310.92612304687,5604.3642578125,-12.5,12.0208152801713,-4,0.36734693877551,0.63265306122449,0,0,1,"Jews of Israel",1,"HEBREW",2,"Tel Aviv-yafo",1,"Levantine Basin",6.25193510087042,64,114.931984349416,208.597276616618,0.550975478748222,21.5666665236155,37.9399990215898,0,0,0,0,0,0,0,0,0,0,0,0,0,0,0,0,0,0,0,0,0,0,0,0,0,0,0,0,0,0,0,0,0,0,0,0,0,0,0,0,0,0,0,0
111,"ISR","Israel",7,"Tel Aviv",,,,,,,,,,,"2010",,,,4783.11264648437,5310.92612304687,5604.3642578125,-12.5,12.0208152801713,-4,0.36734693877551,0.63265306122449,0,0,1,"Jews of Israel",1,"HEBREW",2,"Tel Aviv-yafo",1,"Levantine Basin",6.25193510087042,64,114.931984349416,208.597276616618,0.550975478748222,22.8416668574015,32.6399994343519,0,0,0,0,0,0,0,0,0,0,0,0,0,0,0,0,0,0,0,0,0,0,0,0,0,0,0,0,0,0,0,0,0,0,0,0,0,0,0,0,0,0,0,0
111,"ISR","Israel",7,"Tel Aviv",,,,,,,,,,,"2011",,,,4783.11264648437,5310.92612304687,5604.3642578125,-12.5,12.0208152801713,-4,0.36734693877551,0.63265306122449,0,0,1,"Jews of Israel",1,"HEBREW",2,"Tel Aviv-yafo",1,"Levantine Basin",6.25193510087042,64,114.931984349416,208.597276616618,0.550975478748222,21.0583332379659,43.8299995213747,0,0,0,0,0,0,0,0,0,0,0,0,0,0,0,0,0,0,0,0,0,0,0,0,0,0,0,0,0,0,0,0,0,0,0,0,0,0,0,0,0,0,0,0
111,"ISR","Israel",7,"Tel Aviv",,,,,,,,,,,"2012",,,,4783.11264648437,5310.92612304687,5604.3642578125,-12.5,12.0208152801713,-4,0.36734693877551,0.63265306122449,0,0,1,"Jews of Israel",1,"HEBREW",2,"Tel Aviv-yafo",1,"Levantine Basin",6.25193510087042,64,114.931984349416,208.597276616618,0.550975478748222,21.6749998728434,45.6499987393618,0,0,0,0,0,0,0,0,0,0,0,0,0,0,0,0,0,0,0,0,0,0,0,0,0,0,0,0,0,0,0,0,0,0,0,0,0,0,0,0,0,0,0,0
111,"ISR","Israel",7,"Tel Aviv",,,,,,,,,,,"2013",,,,4783.11264648437,5310.92612304687,5604.3642578125,-12.5,12.0208152801713,-4,0.36734693877551,0.63265306122449,0,0,1,"Jews of Israel",1,"HEBREW",2,"Tel Aviv-yafo",1,"Levantine Basin",6.25193510087042,64,114.931984349416,208.597276616618,0.550975478748222,21.5666667620341,48.4999995082617,0,0,0,0,0,0,0,0,0,0,0,0,0,0,0,0,0,0,0,0,0,0,0,0,0,0,0,0,0,0,0,0,0,0,0,0,0,0,0,0,0,0,0,0
111,"ISR","Israel",7,"Tel Aviv",,,,,,,,,,,"2014",,,,4783.11264648437,5310.92612304687,5604.3642578125,-12.5,12.0208152801713,-4,0.36734693877551,0.63265306122449,0,0,1,"Jews of Israel",1,"HEBREW",2,"Tel Aviv-yafo",1,"Levantine Basin",6.25193510087042,64,114.931984349416,208.597276616618,0.550975478748222,22.2500004768372,15.1900002248585,0,0,0,0,0,0,0,0,0,0,0,0,0,0,0,0,0,0,0,0,0,0,0,0,0,0,0,0,0,0,0,0,0,0,0,0,0,0,0,0,0,0,0,0
